,id,name
0,000000,Deandre Seftick
1,000001,Chanelle Grabinski
2,000002,Kip Maciver
3,000003,Verline Degman
4,000004,Scarlett Galway
5,000005,Devin Goard
6,000006,Yulanda Palino
7,000007,Josphine Helem
8,000008,Larry Isabell
9,000009,Blondell Hungerford
10,000010,Arianne Blackstock
11,000011,Pauletta Westenhaver
12,000012,Annalee Mcsharry
13,000013,Lou Krawitz
14,000014,Janell Kowalowski
15,000015,Kera Somani
16,000016,Sierra Molineaux
17,000017,Ela Aggers
18,000018,Leon Verhoff
19,000019,Estefana Horine
20,000020,Jutta Shopen
21,000021,Shaunda Malfatti
22,000022,Ileana Bynam
23,000023,Edythe Zito
24,000024,Seth Purkhiser
25,000025,Tami Bayani
26,000026,Joey Klaers
27,000027,Malcom Maccarter
28,000028,Ira Mattson
29,000029,Hildegard Catoire
30,000030,Jeffrey Inoue
31,000031,Zina Laiche
32,000032,Lorean Casparis
33,000033,Karlene Stormer
34,000034,Rhona Corrao
35,000035,Mireya Standing
36,000036,Lazaro Sunier
37,000037,Lula Buddemeyer
38,000038,Carlos Steffenhagen
39,000039,Darcel Ouzts
40,000040,Alexia Lightcap
41,000041,Benita Ancalade
42,000042,Elinore Skelton
43,000043,Kenna Sensenig
44,000044,Ramonita Mannan
45,000045,Codi Goodenow
46,000046,Roxann Jourdan
47,000047,Zina Secora
48,000048,Roger Cumberledge
49,000049,Temeka Seary
50,000050,Winona Graves
51,000051,Tomeka Bybee
52,000052,Willena Supernaw
53,000053,Randall Biegel
54,000054,Zina Pursley
55,000055,Arnita Ciersezwski
56,000056,Jamaal Melugin
57,000057,Harris Whaley
58,000058,Zachariah Moretz
59,000059,Lisbeth Spille
60,000060,Lanell Brumwell
61,000061,Deb Cavicchia
62,000062,Meda Fragozo
63,000063,Rashida Cockroft
64,000064,Anton Schoeppner
65,000065,Clarice Muskett
66,000066,Cuc Gerstenberger
67,000067,Jacinda Ziemski
68,000068,Sherie Riippi
69,000069,Penny Laduc
70,000070,Desirae Ruz
71,000071,Winston Heimbigner
72,000072,Valorie Turrubiates
73,000073,Vicenta Matey
74,000074,Victorina Mccally
75,000075,Keva Lavigna
76,000076,Michael Tejera
77,000077,Stephaine Drossos
78,000078,Suzette Wroblewski
79,000079,Hisako Gallen
80,000080,Damon Schoeninger
81,000081,Malena Crites
82,000082,Frankie Laferte
83,000083,Edwina Fauntleroy
84,000084,Elias Terhark
85,000085,Octavio Anders
86,000086,Rob Blakeley
87,000087,Gigi Cruthird
88,000088,Neil Sick
89,000089,Isis Fernholz
90,000090,Jolie Schuman
91,000091,Fransisca Zammetti
92,000092,Keitha Navaro
93,000093,Marissa Dlugos
94,000094,Madelyn Hur
95,000095,Lorilee Cereghino
96,000096,Ella Baillargeon
97,000097,Christa Leske
98,000098,Alona Tagliarini
99,000099,Lanny Tashman
100,000100,Sabina Shry
101,000101,Valarie Segobia
102,000102,Jolene Sliffe
103,000103,Chase Kunselman
104,000104,Yolando Shoulder
105,000105,Sherrell Manseau
106,000106,Lezlie Gribble
107,000107,Jocelyn Snare
108,000108,Vanessa Eisen
109,000109,Eddie Schoon
110,000110,Sherise Tuma
111,000111,Britteny Kardos
112,000112,Eden Longstreth
113,000113,Lavenia Frid
114,000114,Jimmy Plakke
115,000115,Becky Hoffman
116,000116,Odelia Challenger
117,000117,Abdul Paskiewicz
118,000118,Angelic Spratt
119,000119,Marlena Dydell
120,000120,Aracelis Gaultney
121,000121,Tom Srour
122,000122,Alexis Choinski
123,000123,Candie Melnyk
124,000124,Carleen Odums
125,000125,Natacha Enfield
126,000126,Cleveland Mccahill
127,000127,Kent Heidinger
128,000128,Liza Marceau
129,000129,Kim Wilson
130,000130,William Markakis
131,000131,Joselyn Hawthorne
132,000132,Josphine Kempf
133,000133,Porter Saetteurn
134,000134,Lashawn Lifshitz
135,000135,Deshawn Halon
136,000136,Lorilee Haigh
137,000137,Ellen Parente
138,000138,Deloris Mcannally
139,000139,Joe Candia
140,000140,Karey Berna
141,000141,Albina Quillin
142,000142,Daina Bettenhausen
143,000143,Ursula Loyal
144,000144,Collen Freudiger
145,000145,Rhona Beurskens
146,000146,Nicky Filary
147,000147,Sherika Gosset
148,000148,Glennie Obi
149,000149,Taylor Thimmes
150,000150,Yessenia Paplow
151,000151,Dotty Malanga
152,000152,Glennie Whidby
153,000153,Shaunna Ceasar
154,000154,Laverne Clutter
155,000155,Janay Gale
156,000156,Martina Prieur
157,000157,Tosha Kalsow
158,000158,Meggan Rabey
159,000159,Mariella Ploense
160,000160,Charlsie Hesselrode
161,000161,Billy Sisemore
162,000162,Brittni Hefty
163,000163,Malena Deremer
164,000164,Shannan Mahung
165,000165,Akilah Struckman
166,000166,Leonor Stammer
167,000167,Lanie Prosper
168,000168,Wes Maravilla
169,000169,Lourie Speck
170,000170,Mirella Doroski
171,000171,Russ Boulos
172,000172,Stevie Naidoo
173,000173,Bud Cropley
174,000174,Marquita Chatriand
175,000175,Shana Jelley
176,000176,Shalon Zets
177,000177,Charity Vondran
178,000178,Lorilee Ahsing
179,000179,Jamika Rachi
180,000180,Enrique Wolvin
181,000181,Lynette Halgas
182,000182,Chanell Hickox
183,000183,Cameron Hepper
184,000184,Jenna Redel
185,000185,Zachary Bollman
186,000186,Herminia Boesenhofer
187,000187,Ivonne Giulioli
188,000188,Roy Conquest
189,000189,Nereida Sirman
190,000190,Junie Luepke
191,000191,Elisabeth Eisentrout
192,000192,Donnette Emmette
193,000193,Meri Darwish
194,000194,Efrain Pinckard
195,000195,Mindy Garnier
196,000196,Daina Arquelles
197,000197,Christina Battles
198,000198,Robby Caples
199,000199,Layne Flurry
200,000200,Kimber Demel
201,000201,Sigrid Hricko
202,000202,Yuk Facteau
203,000203,Margit Baddour
204,000204,Filiberto Machle
205,000205,Kenna Buckelew
206,000206,Nancie Belnap
207,000207,Hsiu Spika
208,000208,Tisa Pettner
209,000209,Jamal Stefanski
210,000210,Senaida Honchul
211,000211,Audrie Warchal
212,000212,Barrie Petway
213,000213,So Velega
214,000214,Sharlene Loreg
215,000215,Blythe Seelbach
216,000216,Glynis Falzarano
217,000217,Antonio Malinski
218,000218,Jolyn Ohrt
219,000219,Yasmin Troester
220,000220,Marivel Spiess
221,000221,Jona Shoulars
222,000222,Layla Suther
223,000223,Lourdes Ottoson
224,000224,Tish Moler
225,000225,Jacinta Machan
226,000226,Emilie Kiesz
227,000227,Dia Grueser
228,000228,Audrea Staats
229,000229,Sharice Baumgarner
230,000230,Jonna Loggin
231,000231,Tula Lotts
232,000232,Fabian Barthe
233,000233,Valencia Lambing
234,000234,Kam Rosebush
235,000235,Malvina Lokhmator
236,000236,Lane Bergman
237,000237,Chas Hof
238,000238,Bethany Sasala
239,000239,Zona Healan
240,000240,Suanne Flies
241,000241,Aleida Biby
242,000242,Broderick Toldness
243,000243,Mary Zielonka
244,000244,Charity Diani
245,000245,Mozell Bicket
246,000246,Monty Segalla
247,000247,Blair Bitton
248,000248,Marlin Bainey
249,000249,Earleen Zenbaver
250,000250,Chantal Unglesbee
251,000251,Julieta Ludy
252,000252,Timika Atanacio
253,000253,Christie Holquin
254,000254,Cristin Whary
255,000255,Annamaria Kuhnel
256,000256,Laverne Besa
257,000257,Stephan David
258,000258,Macy Terrasas
259,000259,Clotilde Higa
260,000260,Carley Sweets
261,000261,Ranee Gehri
262,000262,Sylvie Schoeffler
263,000263,Veta Garon
264,000264,Orville Ossman
265,000265,Cherilyn Dallesandro
266,000266,Christeen Mattingley
267,000267,Jeffery Shampine
268,000268,Sadye Amarian
269,000269,Maple Bartelson
270,000270,Lily Vanvorst
271,000271,Jerilyn Hiemer
272,000272,Aline Linhardt
273,000273,Sana Feldker
274,000274,Maura Jendrick
275,000275,Julietta Verbilla
276,000276,Krishna Amodei
277,000277,Molly Mcgreal
278,000278,Maryjo Wieber
279,000279,Yan Borello
280,000280,Cecila Koening
281,000281,Karine Garrow
282,000282,Hang Statires
283,000283,Ron Gagan
284,000284,Olen Eugenio
285,000285,Janee Fertik
286,000286,Moriah Mitman
287,000287,Jenise Proffer
288,000288,Stasia Vise
289,000289,Pearl Gancio
290,000290,Jessie Koener
291,000291,Roman Denoble
292,000292,Charity Scarola
293,000293,Kimberely Bogosh
294,000294,Walker Hourihan
295,000295,Mallory Stinebuck
296,000296,Dario Callicoat
297,000297,Lesley Ebilane
298,000298,Bernadine Dehaney
299,000299,Rubye Vacarro
300,000300,Isaac Riley
301,000301,Florencio Dietrick
302,000302,Jeanene Nuzum
303,000303,Matthew Knudsuig
304,000304,Larue Embery
305,000305,Elenor Amons
306,000306,Corie Lanasa
307,000307,Estelle Naclerio
308,000308,Latoria Sadan
309,000309,Karren Oktavec
310,000310,China Browne
311,000311,Mark Merten
312,000312,Allyson Feddes
313,000313,Gaynelle Carran
314,000314,Marshall Schamberger
315,000315,Levi Granthan
316,000316,Nan Cunninghan
317,000317,Deanna Montemarano
318,000318,Shayne Feehly
319,000319,Shasta Shawgo
320,000320,Marcus Fallenstein
321,000321,Erlinda Wember
322,000322,Beverly Geary
323,000323,Rene Bakey
324,000324,Tameka Debem
325,000325,Selma Newburg
326,000326,Nichol Steeves
327,000327,Grayce Tiberio
328,000328,Leola Balboni
329,000329,Marlyn Chipps
330,000330,Tyra Bakemeier
331,000331,Allena Matava
332,000332,Oma Konopka
333,000333,Reid Mcdearmon
334,000334,Reed Stakelin
335,000335,Krystal Mendibles
336,000336,Zetta Brignoni
337,000337,Joelle Visitacion
338,000338,Cythia Nealis
339,000339,Josphine Domenech
340,000340,Leo Goller
341,000341,Dorothy Tillberry
342,000342,Reginia Kolin
343,000343,Nellie Dunemann
344,000344,Della Calvan
345,000345,Donn Bjerk
346,000346,Leif Barbiere
347,000347,Samira Piceno
348,000348,Mozella Lakowski
349,000349,Judy Helley
350,000350,Emery Oropeza
351,000351,Robert Urquijo
352,000352,Vida Room
353,000353,Dustin Hammersley
354,000354,Sharon Ballin
355,000355,Fannie Gourdine
356,000356,Ella Galapon
357,000357,Jody Dioneff
358,000358,Velia Shigemitsu
359,000359,Felecia Mckelvey
360,000360,Quiana Schendel
361,000361,Brande Tajima
362,000362,Buddy Guadalupe
363,000363,Afton Dagle
364,000364,Clarissa Zahar
365,000365,Clotilde Bussard
366,000366,Laquita Edelson
367,000367,Romeo Mutton
368,000368,Kristyn Muscatello
369,000369,Carmen Getchius
370,000370,Antonetta Tapscott
371,000371,Chandra Mootz
372,000372,Mose Puna
373,000373,Hallie Marante
374,000374,Aldo Hele
375,000375,Lessie Norum
376,000376,Vernon Modest
377,000377,Virgil Algarin
378,000378,Elmer Lokaphone
379,000379,Marc Mcgauley
380,000380,Delpha Cookus
381,000381,Mayra Niau
382,000382,Annette Holien
383,000383,Geri Heying
384,000384,Mike Messinger
385,000385,Ocie Slipper
386,000386,Delaine Ruden
387,000387,Valeria Haxton
388,000388,Marge Carwile
389,000389,Roxann Cuccaro
390,000390,Junie Muray
391,000391,Georgiana Woytowicz
392,000392,Kenny Hisey
393,000393,Leatha Podesta
394,000394,Janna Sakata
395,000395,Miki Kiesser
396,000396,Zelda Botha
397,000397,Juliann Hufford
398,000398,Cole Nola
399,000399,Sanora Ozminkowski
400,000400,Esteban Urtado
401,000401,Eliseo Ruscitti
402,000402,Portia Grenway
403,000403,Libby Holleran
404,000404,Allene Kochheiser
405,000405,Jess Mcmillon
406,000406,Josephine Hannen
407,000407,Fidelia Marrion
408,000408,Robbie Kauffeld
409,000409,Annett Bliese
410,000410,Ai Leffel
411,000411,Devin Spratt
412,000412,Cherelle Bettle
413,000413,Camie Tamiya
414,000414,Blaine Mrowka
415,000415,Carol Gelder
416,000416,Loan Greuel
417,000417,Hallie Kilcrease
418,000418,Mitch Peifer
419,000419,Xochitl Maland
420,000420,Vonnie Landborg
421,000421,Andree Colcher
422,000422,Cinthia Kiecker
423,000423,Jonell Cederberg
424,000424,Mel Summars
425,000425,Abbey Wenke
426,000426,Mignon Christello
427,000427,Elva Hupy
428,000428,Alvera Hollenbach
429,000429,Kimberly Welk
430,000430,Gaye Salsman
431,000431,Eliza Sourlis
432,000432,Robin Boudreaux
433,000433,Oralia Mattix
434,000434,Beatris Kinloch
435,000435,Jeanie Farfan
436,000436,Sharyn Hamid
437,000437,Felicia Hasler
438,000438,Christena Leuthauser
439,000439,Dorie Mcmahen
440,000440,Chi Manseau
441,000441,Rolanda Ginsburg
442,000442,Camille Welte
443,000443,Pasty Swoboda
444,000444,Melany Pistole
445,000445,Kaitlin Teteak
446,000446,Hien Ibsen
447,000447,Julian Lieto
448,000448,Mika Lindsley
449,000449,Isaac Gainey
450,000450,Janet Michocki
451,000451,Beckie Sprenger
452,000452,Salvatore Duchane
453,000453,Kami Roys
454,000454,Bryon Kos
455,000455,Marcell Yampolsky
456,000456,Cherlyn Schwemmer
457,000457,Everett Nwankwo
458,000458,Patrick Cutten
459,000459,Catherina Waldecker
460,000460,Caprice Ingersol
461,000461,Elise Yunk
462,000462,Mercedez Higaneda
463,000463,Jon Coponen
464,000464,Hyacinth Bishoff
465,000465,Marian Missildine
466,000466,Jana Seefeldt
467,000467,Jacinta Akers
468,000468,Rossana Cosentino
469,000469,Shannan Wojtkowski
470,000470,Alexander Jimison
471,000471,Mandy Poduska
472,000472,Laveta Doran
473,000473,Marin Rokicki
474,000474,Edgar Flatness
475,000475,Kristie Burgie
476,000476,Lakisha Rummel
477,000477,Joaquin Strobel
478,000478,Tyler Whichard
479,000479,Kendall Kinsland
480,000480,Milton Gali
481,000481,Joann Jeffreys
482,000482,Emmy Tadiello
483,000483,Cleta Oakley
484,000484,Kiersten Basaldua
485,000485,Floria Shahbaz
486,000486,Gussie Bartelson
487,000487,Lyda Pousson
488,000488,Suellen Wisenor
489,000489,Abbie Forlivio
490,000490,Clarence Mcdugle
491,000491,Eldon Luquette
492,000492,Wesley Lampkin
493,000493,Laurine Winkeljohn
494,000494,Zetta Kolnik
495,000495,Shyla Willington
496,000496,Blondell Fujita
497,000497,Buffy Wobbe
498,000498,Retta Poppert
499,000499,Soledad Villella
500,000500,Luisa Birenbaum
501,000501,Viki Tajiri
502,000502,Lala Ziak
503,000503,Florinda Nulty
504,000504,Billy Nagel
505,000505,Elton Booras
506,000506,Danae Lybert
507,000507,Marco Bellfleur
508,000508,Issac Kovacic
509,000509,Evangeline Schack
510,000510,Aimee Yielding
511,000511,Tish Cooney
512,000512,Mayra Querta
513,000513,Simone Troxler
514,000514,Contessa Ledden
515,000515,Shantell Staadt
516,000516,Ollie Battani
517,000517,Laquita Hersh
518,000518,Lenny Sorman
519,000519,Sam Lavant
520,000520,Luvenia Blackington
521,000521,Marget Thornquist
522,000522,Madison Geister
523,000523,Norine Biondolillo
524,000524,Kasi Quiroga
525,000525,Oliva Braskett
526,000526,Sean Chapelle
527,000527,Ward Julye
528,000528,Mertie Oldakowski
529,000529,Kaye Kesling
530,000530,Barton Fechtig
531,000531,Elina Brailsford
532,000532,Neta Wigren
533,000533,Annemarie Ginsky
534,000534,Sara Tone
535,000535,Jarod Hirleman
536,000536,Carin Kimbler
537,000537,Shayne Pagaduan
538,000538,Stormy Barmore
539,000539,Emerson Gatza
540,000540,Alaina Giasson
541,000541,Jeannine Raimer
542,000542,Kasha Elsworth
543,000543,Marlyn Dubuisson
544,000544,Kathyrn Clive
545,000545,Misha Rudack
546,000546,Olevia Weisbrod
547,000547,Gaynelle Vote
548,000548,Kendall Schreurs
549,000549,Anh Oberlies
550,000550,Sharan Fusco
551,000551,Bruce Ludovico
552,000552,Eun Panias
553,000553,Hobert Mccant
554,000554,Charles Spahr
555,000555,Albertine Devito
556,000556,Belia Vorholt
557,000557,Corrinne Machan
558,000558,Apolonia Conaty
559,000559,Roselyn Cubr
560,000560,Debroah Barrilleaux
561,000561,Elwanda Reller
562,000562,Angelia Wozniak
563,000563,Lucy Bechtold
564,000564,Jude Notis
565,000565,Rebecca Vizzini
566,000566,Cinderella Antista
567,000567,Dara Kinnier
568,000568,Alita Fanner
569,000569,Tiesha Ballensky
570,000570,Miyoko Raffield
571,000571,Luana Rastelli
572,000572,Nichol Trentz
573,000573,Daina Reynero
574,000574,Gidget Cilano
575,000575,Marg Yeates
576,000576,Shannan Igus
577,000577,Ruthanne Gurne
578,000578,Gertrude Heatwole
579,000579,Chan Maye
580,000580,Dorinda Coyle
581,000581,Eneida Penird
582,000582,Ernestine Pigna
583,000583,Samella Vanheel
584,000584,Patricia Boness
585,000585,Deedee Vaugh
586,000586,Amelia Ninos
587,000587,Carlena Spilker
588,000588,Yu Mcphaul
589,000589,Lindsy Prazenica
590,000590,Marcie Holzwart
591,000591,Katia Gorz
592,000592,Josie Plemons
593,000593,Julian Ljungquist
594,000594,Quinn Notice
595,000595,Rafael Neighbours
596,000596,Jamila Brining
597,000597,Usha Schiavone
598,000598,Cherrie Casali
599,000599,Iraida Arehano
600,000600,Latashia Calle
601,000601,Shaunda Zahniser
602,000602,Kendra Vil
603,000603,Ola Rataczak
604,000604,Misha Sinistore
605,000605,Vena Genz
606,000606,Mirna Okoren
607,000607,Cyrstal Lansang
608,000608,Lyle Campo
609,000609,Stephane Liddicoat
610,000610,Eilene Slyton
611,000611,Tamela Heidebrecht
612,000612,Bud Yacano
613,000613,Mildred Pastora
614,000614,Rosalinda Fragozo
615,000615,Lauryn Motten
616,000616,Neida Garroutte
617,000617,Mariann Mandoza
618,000618,Cameron Walshe
619,000619,Shayna Sidur
620,000620,Dave Kutscher
621,000621,Genesis Freeman
622,000622,Matilde Breiter
623,000623,Jung Berndsen
624,000624,Arianna Holzem
625,000625,Ralph Heye
626,000626,Annika Grable
627,000627,Roxanna Tomer
628,000628,Arnoldo Imhof
629,000629,Martin Rasco
630,000630,Val Kiesling
631,000631,Kandace Malekan
632,000632,Tandy Quirin
633,000633,Norbert Gemmen
634,000634,Cordell Woodworth
635,000635,Faye Lacount
636,000636,Danyelle Perrett
637,000637,Josefina Hatcherson
638,000638,Willis Pfuhl
639,000639,Leigh Cleavenger
640,000640,Nathanael Rodrigue
641,000641,Junie Creegan
642,000642,Guadalupe Haylock
643,000643,Roscoe Demaree
644,000644,Philip Decaire
645,000645,Lianne Bueno
646,000646,Rosalba Swarn
647,000647,Alina Werle
648,000648,Elisha Brighton
649,000649,Jeri Raulerson
650,000650,Raymond Montoney
651,000651,Tierra Norse
652,000652,Tracie Fradkin
653,000653,Bonnie Gudgell
654,000654,Brenda Asbury
655,000655,Mirella Lando
656,000656,Minh Achenbach
657,000657,Cary Brog
658,000658,Thi Olvera
659,000659,Karolyn Arney
660,000660,Elsie Carbonell
661,000661,Esta Petruska
662,000662,Dalene Gustason
663,000663,Danica Biancuzzo
664,000664,Renaldo Truner
665,000665,Lenore Brunell
666,000666,Cherryl Kukla
667,000667,Tuyet Nesheim
668,000668,Estell Mollere
669,000669,Paz Prach
670,000670,Lemuel Morandi
671,000671,Nancee Bajwa
672,000672,Tamala Spartin
673,000673,Yen Purswell
674,000674,Shavonne Languirand
675,000675,Sammie Vanderhoff
676,000676,Charlott Angilello
677,000677,Gino Phomphithak
678,000678,Cyrus Baba
679,000679,Elsy Scavetta
680,000680,Ceola Spurgeon
681,000681,Elna Grboyan
682,000682,Eleonora Goolman
683,000683,Issac Jone
684,000684,Irvin Samiec
685,000685,Tammara Whyel
686,000686,Tresa Richards
687,000687,Danette Rapanot
688,000688,Verla Cocking
689,000689,Deshawn Minniear
690,000690,Angelic Kuhre
691,000691,Karie Vian
692,000692,Crissy Curz
693,000693,Clarice Stofflet
694,000694,Dean Malory
695,000695,Hilma Stallcup
696,000696,Felicidad Egnew
697,000697,Aleida Thoene
698,000698,Nadine Kelchner
699,000699,Carolin Heimerdinger
700,000700,Maximina Stoops
701,000701,Zackary Denna
702,000702,Kareem Spriggle
703,000703,Eden Mirabile
704,000704,Vonda Luskin
705,000705,Delphine Moomaw
706,000706,Meghann Goodheart
707,000707,Skye Catherson
708,000708,Lise Sovereign
709,000709,Ethelene Alterio
710,000710,Aurore Aughe
711,000711,Andre Champman
712,000712,Rana Magnanti
713,000713,Adella Fraile
714,000714,Lidia Montan
715,000715,Barrett Perina
716,000716,Michal Brogdon
717,000717,Dinorah Halima
718,000718,Roxana Snorden
719,000719,Sanora Mcchristian
720,000720,Felix Gerloff
721,000721,Chuck Fenimore
722,000722,Napoleon Stifter
723,000723,Billy Bowyer
724,000724,Carlena Szczepkowski
725,000725,Ena Przybylski
726,000726,Rayford Cacciotti
727,000727,Augustine Kovacs
728,000728,Crysta Albin
729,000729,Leia Kakudji
730,000730,Alida Mcnamara
731,000731,Miriam Boid
732,000732,Santos Shemanski
733,000733,Briana Andruzzi
734,000734,Stacey Shill
735,000735,Kaylee Deshpande
736,000736,Johnie Chrisco
737,000737,Audrey Bunal
738,000738,Annabell Rostek
739,000739,Sheba Harlowe
740,000740,Reynalda Olivid
741,000741,Shakira Brintnall
742,000742,Kena Pack
743,000743,Maris Mostiller
744,000744,Basil Kochert
745,000745,Cherilyn Dawkin
746,000746,Boyd Amel
747,000747,Elisabeth Delpit
748,000748,Basilia Kavanagh
749,000749,Bonita Buckel
750,000750,Rosia Dicharry
751,000751,Sima Mayenschein
752,000752,Miquel Gurrero
753,000753,Jen Marade
754,000754,Janyce Milleson
755,000755,Moriah Arif
756,000756,Bunny Murchison
757,000757,Tom Lolley
758,000758,Haywood Roubekas
759,000759,Candis Pierro
760,000760,Georgette Mittelstedt
761,000761,James Ollivierre
762,000762,India Storm
763,000763,Hans Hocke
764,000764,Kenny Schur
765,000765,Thora Dembosky
766,000766,Drew Lynady
767,000767,Desiree Metzinger
768,000768,Francoise Saicedo
769,000769,Zita Kamada
770,000770,Sidney Washurn
771,000771,Dana Backhaus
772,000772,Barbera Krajnovich
773,000773,Romana Hoston
774,000774,Ronni Teigen
775,000775,Chantay Ahal
776,000776,Nadia Guiga
777,000777,Marquitta Bakula
778,000778,Aletha Neske
779,000779,Chin Morrisette
780,000780,Josphine Viel
781,000781,Marvel Fergurson
782,000782,Kiley Dedeaux
783,000783,Erich Blush
784,000784,Jarred Inacio
785,000785,Kassandra Hecht
786,000786,Jamie Hoyland
787,000787,Thi Bradicich
788,000788,Risa Bossie
789,000789,Shenita Wikoff
790,000790,Roxana Handren
791,000791,Davina Schiltz
792,000792,Ezra Petaccio
793,000793,Ferdinand Blizard
794,000794,James Worner
795,000795,Cortez Lightcap
796,000796,James Zutter
797,000797,Leigha Ossman
798,000798,Elisabeth Huitt
799,000799,Elana Hyde
800,000800,Adrian Hise
801,000801,Lynelle Doney
802,000802,Britni Sunderman
803,000803,Adrienne Hobbins
804,000804,Natasha Frazee
805,000805,Elsy Molin
806,000806,Michael Tierno
807,000807,Haydee Jaffray
808,000808,Margarete Clemmer
809,000809,Yael Bickelhaupt
810,000810,Elouise Rewerts
811,000811,Elana Bergesen
812,000812,Winter Milovich
813,000813,Shavonne Maccarter
814,000814,Lisha Aadland
815,000815,Tawna Ingalls
816,000816,Jacinto Alexopoulos
817,000817,Keturah Alar
818,000818,Paul Mobus
819,000819,Dirk Hanshaw
820,000820,Joan Saether
821,000821,Rosanne Capece
822,000822,Mindi Whitecotton
823,000823,Nadene Hackleman
824,000824,Andres Otex
825,000825,Guillermina Pesiri
826,000826,Leonora Speagle
827,000827,Sammie Daso
828,000828,Nelda Santulli
829,000829,Bernetta Orozco
830,000830,Barton Steidl
831,000831,Helaine Rivadeneira
832,000832,Stan Wigglesworth
833,000833,Shad Leaf
834,000834,Colin Brome
835,000835,Normand Dockins
836,000836,Donya Hurlbert
837,000837,Emmy Apa
838,000838,Corie Benejan
839,000839,Leonarda Burdeshaw
840,000840,Mable Kukowski
841,000841,Agnus Demoss
842,000842,Gertha Frandeen
843,000843,Antionette Barimah
844,000844,Renay Roney
845,000845,Felton Okeeffe
846,000846,Lamonica Debski
847,000847,Tiera Winiecki
848,000848,Trish Wierenga
849,000849,Patrica Patriss
850,000850,Cleopatra Kiah
851,000851,Cecily Pifer
852,000852,Latrisha Arnesen
853,000853,Pauletta Bierce
854,000854,Evan Tyrrell
855,000855,Mellisa Islas
856,000856,Lanny Erway
857,000857,Agueda Murasso
858,000858,Enriqueta Cowin
859,000859,Eva Yurek
860,000860,Sheryl Woollen
861,000861,Yesenia Asbridge
862,000862,Treva Marcial
863,000863,Celestine Rositano
864,000864,Ludivina Valdo
865,000865,Joyce Supplice
866,000866,Freeda Reindl
867,000867,Kurtis Nawda
868,000868,Basilia Lorincz
869,000869,Dylan Stricklan
870,000870,Seema Engelberg
871,000871,Vicki Heitz
872,000872,Trinh Wauer
873,000873,Zada Lardieri
874,000874,Jolyn Andersen
875,000875,Emmaline Isales
876,000876,Suzan Hanzl
877,000877,Armanda Nickas
878,000878,Beatriz Casacchia
879,000879,Jenny Buzzanca
880,000880,Randell Ihrig
881,000881,Kasha Zink
882,000882,Melissia Gregston
883,000883,Elwanda Woznicki
884,000884,Sherryl Emerick
885,000885,Johnathan Brobeck
886,000886,Audra Berends
887,000887,Terisa Delaney
888,000888,Marcelino Budke
889,000889,Willie Dinkins
890,000890,Nedra Pfeiff
891,000891,Elvina Aningalan
892,000892,Eleonor Camarata
893,000893,Hedwig Bensing
894,000894,Janeth Schreyer
895,000895,Margurite Yori
896,000896,Robbin Mias
897,000897,Treena Gaska
898,000898,Beverly Rines
899,000899,Sherwood Julen
900,000900,Gonzalo Bancourt
901,000901,Carmelina Saintlouis
902,000902,Forest Vierling
903,000903,Criselda Knavel
904,000904,Juliette Garve
905,000905,Katharina Hochstetler
906,000906,Melody Fraze
907,000907,Susanna Teixeria
908,000908,Silvana Correale
909,000909,Almeta Linn
910,000910,Jerlene Sarac
911,000911,Jarod Chet
912,000912,Stacee Garsia
913,000913,Eugenie Theimer
914,000914,Princess Skokowski
915,000915,Debbie Woolhiser
916,000916,Elsa Malovich
917,000917,Missy Agpaoa
918,000918,Jaunita Zellous
919,000919,Marhta Wishum
920,000920,Collene Winkler
921,000921,Russel Tuholski
922,000922,Cuc Straney
923,000923,Josiah Sespinosa
924,000924,Daron Forbis
925,000925,Lajuana Petrelli
926,000926,Debora Ganas
927,000927,Vinita Harkless
928,000928,Katherina Malena
929,000929,Corrin Zarn
930,000930,Christa Nkuku
931,000931,Dorcas Kafton
932,000932,Vicki Ropac
933,000933,Ressie Stacker
934,000934,Andrew Houtz
935,000935,Sabra Iborra
936,000936,Vena Lech
937,000937,Steffanie Bartkiewicz
938,000938,Deandra Errera
939,000939,Leo Eicher
940,000940,Taylor Melgarejo
941,000941,Pricilla Maltba
942,000942,Jane Frisch
943,000943,Wendolyn Genera
944,000944,Ingrid Fuls
945,000945,Suzanna Schenk
946,000946,Jarrett Maletta
947,000947,Chantell Petrich
948,000948,Mikel Griner
949,000949,Chun Monica
950,000950,Nguyet Carilli
951,000951,Nakisha Lemaitre
952,000952,Tanya Rasley
953,000953,Stephani Stittsworth
954,000954,Oliva Kahre
955,000955,Sherita Arlan
956,000956,Arthur Stroede
957,000957,Brunilda Wilbers
958,000958,Cori Isiordia
959,000959,Danika Vancleaf
960,000960,Francisco Dauge
961,000961,Ronald Halward
962,000962,Marianna Eckhard
963,000963,Kristina Gutkin
964,000964,Dalia Waymer
965,000965,Goldie Kowal
966,000966,Karl Yannuzzi
967,000967,Kecia Gundersen
968,000968,German Linsay
969,000969,Norman Legrone
970,000970,Marleen Pickell
971,000971,Randy Gauthreaux
972,000972,Geraldo Hulstrand
973,000973,Magda Choulnard
974,000974,Asley Kunkel
975,000975,Tisa Zinsmeister
976,000976,Harriet Kaigle
977,000977,Lula Patridge
978,000978,Anthony Jarzembowski
979,000979,Keila Wisnowski
980,000980,Nicky Nacion
981,000981,Ressie Irle
982,000982,Michal Godek
983,000983,Sharon Zanchi
984,000984,Pattie Dimery
985,000985,Regine Jersey
986,000986,Corina Echols
987,000987,Lucius Friehauf
988,000988,Lourie Demry
989,000989,Margot Daniello
990,000990,Dawna Marina
991,000991,Donnette Grade
992,000992,Virgilio Verducci
993,000993,Dagny Pelaez
994,000994,Virgil Castagnier
995,000995,Della Navarro
996,000996,Yung Becerril
997,000997,Chi Roessner
998,000998,Luisa Reppell
999,000999,Sherita Antonello
1000,001000,Aleshia Candela
1001,001001,Adolfo Heiliger
1002,001002,Patria Doud
1003,001003,Reanna Coltharp
1004,001004,Dan Conzemius
1005,001005,Latasha Mashiah
1006,001006,Darryl Zamborano
1007,001007,Hong Morrison
1008,001008,Lesia Egleston
1009,001009,Gia Wojick
1010,001010,Juliane Newhart
1011,001011,Phillip Kellan
1012,001012,Marylou Burtin
1013,001013,Bert Mcmulen
1014,001014,Nilsa Seifarth
1015,001015,Reid Rios
1016,001016,Claud Morera
1017,001017,Dionna Groff
1018,001018,Angla Bernt
1019,001019,Linwood Makepeace
1020,001020,Remedios Kotek
1021,001021,Ronald Briscoe
1022,001022,Suellen Zwicker
1023,001023,Isabel Kotte
1024,001024,Tempie Howett
1025,001025,Alex Amedee
1026,001026,Oneida Seese
1027,001027,Bernita Duma
1028,001028,Gwyn Wilson
1029,001029,Sammy Truluck
1030,001030,Marivel Cantone
1031,001031,Nieves Giarratano
1032,001032,Joana Melbert
1033,001033,Refugio Loeffler
1034,001034,Karole Kehs
1035,001035,Lakia Courtemanche
1036,001036,Sherita Burlett
1037,001037,Ezekiel Eagy
1038,001038,Janel Horris
1039,001039,Thurman Pasierb
1040,001040,Tami Rivenburg
1041,001041,Catharine Kornhauser
1042,001042,Terrence Gail
1043,001043,Marcell Kemmerling
1044,001044,Raymond Robenson
1045,001045,Alva Botdorf
1046,001046,Lexie Faul
1047,001047,Dan Amalong
1048,001048,Lakendra Salazer
1049,001049,Tammie Lapar
1050,001050,Meridith Keep
1051,001051,Shelley Horns
1052,001052,Debbi Calcagni
1053,001053,Ashlea Karth
1054,001054,Jen Boruvka
1055,001055,Lesia Pessin
1056,001056,Laurel Ludolph
1057,001057,Birgit Lomu
1058,001058,Annalisa Sobeck
1059,001059,Elise Titmus
1060,001060,Jodi Hollobaugh
1061,001061,Therese Machkovich
1062,001062,Raven Drumbore
1063,001063,Loyd Freedle
1064,001064,Kenyatta Alegi
1065,001065,Wyatt Vangalder
1066,001066,Ulrike Stanert
1067,001067,Clair Schinke
1068,001068,Russell Kua
1069,001069,Angie Welp
1070,001070,Wanita Matheus
1071,001071,Isreal Haro
1072,001072,Dedra Pauza
1073,001073,Renae Bansal
1074,001074,Enrique Huitt
1075,001075,Margarite Bollens
1076,001076,Dannielle Leonardis
1077,001077,Tosha Lavalle
1078,001078,Coralee Rovelto
1079,001079,Aleta Mikelsen
1080,001080,Allison Pond
1081,001081,Vickie Kuffa
1082,001082,Nicky Biersner
1083,001083,Piper Mayberry
1084,001084,Barrett Maker
1085,001085,Chong Ely
1086,001086,Skye Nikkel
1087,001087,Jamar Volpi
1088,001088,Ema Kalin
1089,001089,Bulah Cordel
1090,001090,Hester Gachupin
1091,001091,Concepcion Ramer
1092,001092,Cherry Kallus
1093,001093,Hortencia Meyerson
1094,001094,Josefine Ellis
1095,001095,Vernon Brus
1096,001096,Karoline Ahlstrom
1097,001097,Ernie Brimmage
1098,001098,Cristobal Nemec
1099,001099,Gayle Aavang
1100,001100,Jene Halko
1101,001101,Clint Hinh
1102,001102,Stephnie Pipes
1103,001103,Chet Cinque
1104,001104,Hertha Bew
1105,001105,Jazmin Gunder
1106,001106,Kaye Waclawski
1107,001107,Barbara Easterling
1108,001108,Shea Oguendo
1109,001109,Wyatt Bucks
1110,001110,Wendolyn Yun
1111,001111,Bulah Hedinger
1112,001112,Evangeline Wiedmann
1113,001113,Elenor Boynton
1114,001114,Elenora Kositzke
1115,001115,Gillian Hainesworth
1116,001116,Lynwood Reckart
1117,001117,Dominique Barret
1118,001118,Charlene Teranishi
1119,001119,Dakota Younie
1120,001120,Cristopher Alcaraz
1121,001121,Tomoko Molinelli
1122,001122,Misha Isaacson
1123,001123,Dusti Dalo
1124,001124,Tora Dail
1125,001125,Vernon Kastman
1126,001126,Devin Hirko
1127,001127,Cinderella Bierley
1128,001128,Jeanne Guenette
1129,001129,Valentina Mcglawn
1130,001130,Dorian Hotchkiss
1131,001131,Latashia Taran
1132,001132,Suzie Chason
1133,001133,Chauncey Mceneny
1134,001134,Shawn Tosches
1135,001135,Janel Mongrain
1136,001136,Pamelia Aarons
1137,001137,Elease Sokolski
1138,001138,Charmaine Blackham
1139,001139,Renae Jauron
1140,001140,Rick Monn
1141,001141,Lizzie Shilt
1142,001142,Sharri Ellies
1143,001143,Joane Southward
1144,001144,Gabriella Chinick
1145,001145,Marcelino Gladwell
1146,001146,Kristan Rhinerson
1147,001147,Janise Yeoman
1148,001148,Khadijah Abrell
1149,001149,Dena Walking
1150,001150,Lavonna Hillesheim
1151,001151,Coletta Toler
1152,001152,Sammie Bilbro
1153,001153,Luna Kollmeyer
1154,001154,Garland Kloster
1155,001155,Alejandrina Ferries
1156,001156,Debby Bargo
1157,001157,Rusty Passi
1158,001158,Alden Bawden
1159,001159,Marcella Renken
1160,001160,Sabra Pasqualetti
1161,001161,Lavonda Caridine
1162,001162,Ahmad Bajko
1163,001163,Shaunte Mirabito
1164,001164,Dalia Wakeling
1165,001165,Adele Gerfin
1166,001166,Claude Frances
1167,001167,Tyrell Kletschka
1168,001168,Diego Quine
1169,001169,Leonarda Colchado
1170,001170,Romana Facey
1171,001171,Justin Finstad
1172,001172,Robert Banzhaf
1173,001173,Franklin Dobrynski
1174,001174,Shanell Tarpy
1175,001175,Lilla Digrazia
1176,001176,Lawana Nyhus
1177,001177,Shu Engle
1178,001178,Dara Trudillo
1179,001179,Lana Cahela
1180,001180,Vinita Stueckrath
1181,001181,Helene Gowin
1182,001182,Cary Finazzo
1183,001183,Lashon Buening
1184,001184,Greg Minkin
1185,001185,Consuelo Pickette
1186,001186,Delinda Finnerty
1187,001187,Corrina Rickner
1188,001188,Bobby Fiacco
1189,001189,Britta Clowser
1190,001190,Jess Pastore
1191,001191,Winona Calibuso
1192,001192,Marisol Wanke
1193,001193,Ali Rissman
1194,001194,Aldo Eschete
1195,001195,Ping Quakenbush
1196,001196,Ronny Gilomen
1197,001197,Bennie Bacolor
1198,001198,Setsuko Derbyshire
1199,001199,Kiana Tappen
1200,001200,Kasie Craven
1201,001201,Kari Hollopeter
1202,001202,Lauran Alme
1203,001203,Jean Reynaldo
1204,001204,Moses Sprow
1205,001205,Synthia Session
1206,001206,Willodean Texter
1207,001207,Sybil Ratner
1208,001208,Reginald Gattison
1209,001209,Corene Schurg
1210,001210,Alethea Eismont
1211,001211,Kacie Morter
1212,001212,Dalila Erne
1213,001213,Benedict Asebedo
1214,001214,Val Wyles
1215,001215,Maximina Arias
1216,001216,Ellie Burmside
1217,001217,Astrid Go
1218,001218,Carlie Veltkamp
1219,001219,Verline Whitting
1220,001220,Karoline Mcclane
1221,001221,Albina Adriano
1222,001222,Jo Corkill
1223,001223,Elisabeth Hughen
1224,001224,Mazie Miano
1225,001225,Lynda Tijing
1226,001226,Beth Mizell
1227,001227,Candi Landrus
1228,001228,Glennie Placencia
1229,001229,Erica Tier
1230,001230,Efren Laswell
1231,001231,Denise Seide
1232,001232,Natalya Hornoff
1233,001233,Kevin Fyfe
1234,001234,Caterina Manzur
1235,001235,Gertrude Yandle
1236,001236,Caitlyn Abt
1237,001237,Shavonda Sedore
1238,001238,Fairy Vandernoot
1239,001239,Liberty Kushiner
1240,001240,Chara Massei
1241,001241,Tamara Bernardini
1242,001242,Ma Marasco
1243,001243,Mitzi Rishe
1244,001244,Edith Pikula
1245,001245,Connie Voyer
1246,001246,Ghislaine Lowther
1247,001247,Henrietta Murelli
1248,001248,Sunni Grumbling
1249,001249,Brigitte Bame
1250,001250,Shella Guynn
1251,001251,Alice Hollinghurst
1252,001252,Mellie Torrence
1253,001253,Sau Gamer
1254,001254,Lan Lewandowski
1255,001255,Ethel Reznicek
1256,001256,Jovan Gade
1257,001257,Tomoko Moretto
1258,001258,Elias Asley
1259,001259,Kathryne Foutz
1260,001260,Dario Rindfleisch
1261,001261,Candelaria Rabbitt
1262,001262,Raguel Hoshall
1263,001263,Fred Jang
1264,001264,Santo Ley
1265,001265,Jacques Stahler
1266,001266,Tyron Degele
1267,001267,Theo Buzo
1268,001268,Starr Rencher
1269,001269,Alica Rotty
1270,001270,Raeann Gorrindo
1271,001271,So Clonts
1272,001272,Francis Sledd
1273,001273,Dani Winarski
1274,001274,Marguerite Mensinger
1275,001275,Jenette Premo
1276,001276,Torie Stiger
1277,001277,Fernando Batun
1278,001278,Shana Sneller
1279,001279,Krystyna Calvillo
1280,001280,Harold Nauarro
1281,001281,Hellen Mcdougald
1282,001282,Devon Rew
1283,001283,Joselyn Saia
1284,001284,Sheree Font
1285,001285,Chu Chumbley
1286,001286,Eden Walterson
1287,001287,Keturah Vizena
1288,001288,Katrice Leppanen
1289,001289,Willow Lyas
1290,001290,Vannesa Samperi
1291,001291,Demetrice Steinauer
1292,001292,Eladia Ryden
1293,001293,Maira Pinsonneault
1294,001294,Belle Westphalen
1295,001295,Hye Canela
1296,001296,Marshall Resek
1297,001297,Maxie Unser
1298,001298,Mechelle Jemerson
1299,001299,Colby Ptomey
1300,001300,Gertude Pavan
1301,001301,Vashti Whitelaw
1302,001302,Lashunda Voorhies
1303,001303,Deloise Sterger
1304,001304,David Roadcap
1305,001305,Vilma Condello
1306,001306,Angelique Muhammed
1307,001307,Merrill Orlin
1308,001308,Ilse Hirsch
1309,001309,Raleigh Purzycki
1310,001310,Colleen Knoop
1311,001311,Melvin Wedin
1312,001312,Sylvie Alawdi
1313,001313,Asuncion Bostrom
1314,001314,Tanika Intrabartolo
1315,001315,Lacie Karamchandani
1316,001316,Venessa Carrero
1317,001317,Janyce Lieu
1318,001318,Sally Laforest
1319,001319,Dina Venable
1320,001320,Shila Aharon
1321,001321,Taylor Gritz
1322,001322,Aileen Voice
1323,001323,Alise Jurek
1324,001324,Aleshia Skarphol
1325,001325,Mac Luing
1326,001326,Benita Perlmutter
1327,001327,Randy Layo
1328,001328,Tama Eggert
1329,001329,Vernell Boosalis
1330,001330,Cruz Lafoy
1331,001331,Garth Mascola
1332,001332,Carola Nuvallie
1333,001333,Jina Hersom
1334,001334,Ocie Haumesser
1335,001335,Alysia Flenniken
1336,001336,Alease Koslosky
1337,001337,Monnie Sidles
1338,001338,Paul Perri
1339,001339,Deon Broersma
1340,001340,Jeremy Berkhimer
1341,001341,Enda Feagans
1342,001342,Omar Zuelke
1343,001343,Rashida Maruska
1344,001344,Maranda Brauchla
1345,001345,Karleen Redlinger
1346,001346,Marcia Sonnefeld
1347,001347,Daryl Kincade
1348,001348,Jonell Dhar
1349,001349,Maurine Przedwiecki
1350,001350,Robert Leake
1351,001351,Cierra Maisenbacher
1352,001352,Warren Blacker
1353,001353,Stewart Paustian
1354,001354,Omar Huett
1355,001355,Jefferson Zwinger
1356,001356,Ronnie Lynam
1357,001357,Keiko Schaefer
1358,001358,Ezra Teator
1359,001359,Valerie Turnham
1360,001360,Malcom Kamphoefner
1361,001361,Michelle Hauslein
1362,001362,Collen Teats
1363,001363,Anette Lee
1364,001364,Sharilyn Sillitoe
1365,001365,Armida Willms
1366,001366,Branda Vogler
1367,001367,Vicente Vanboven
1368,001368,Sam Mcgrant
1369,001369,Silas Hett
1370,001370,Andrew Mavity
1371,001371,Sanda Callis
1372,001372,Nereida Servantes
1373,001373,Vennie Stodden
1374,001374,Dimple Bobb
1375,001375,Katy Tresler
1376,001376,Miguelina Carey
1377,001377,Billie Frid
1378,001378,Twana Hinchliff
1379,001379,Alysa Swenceski
1380,001380,Torri Brandl
1381,001381,Raphael Ridner
1382,001382,Francisco Fieselman
1383,001383,Myrle Serrato
1384,001384,Kerstin Colomy
1385,001385,Lue Brinley
1386,001386,Shyla Sisco
1387,001387,Serita Scharte
1388,001388,Mercedez Armijo
1389,001389,Lorean Haymans
1390,001390,Madonna Gennaro
1391,001391,Desire Macwilliams
1392,001392,Lynn Saluto
1393,001393,Tawny Dernier
1394,001394,Bella Ryhal
1395,001395,Elina Scurry
1396,001396,Vella Mohrlock
1397,001397,Caryl Plocek
1398,001398,Steven Cocanougher
1399,001399,Lavada Jacocks
1400,001400,Raelene Fiebelkorn
1401,001401,Rena Direnzo
1402,001402,Lois Sayward
1403,001403,Natalie Berryman
1404,001404,Ayana Bordinger
1405,001405,Sang Stefanelli
1406,001406,Marline Parco
1407,001407,Cheyenne Greviston
1408,001408,Donnetta Dermady
1409,001409,Lindsay Liversedge
1410,001410,Donald Running
1411,001411,Danika Inciong
1412,001412,Bradford Rodarta
1413,001413,David Plymel
1414,001414,Neida Siddiq
1415,001415,Tracee Cadman
1416,001416,Magda Korenek
1417,001417,Rodrigo Sicilia
1418,001418,Marya Harner
1419,001419,Wm Amrein
1420,001420,Janee Numkena
1421,001421,Ross Petrick
1422,001422,Vinita Ledy
1423,001423,Dorathy Gouzy
1424,001424,Jolyn Lipscombe
1425,001425,Rena Maniar
1426,001426,Tammara Antonich
1427,001427,Adolph Jens
1428,001428,Libby Shanks
1429,001429,Noble Rasp
1430,001430,Aaron Milks
1431,001431,Lelia Klasinski
1432,001432,Roselia Vignaux
1433,001433,Yen Rhew
1434,001434,Jayne Holstein
1435,001435,Ramona Gouge
1436,001436,Versie Stephanie
1437,001437,Penney Kunzler
1438,001438,Jinny Luchsinger
1439,001439,Shemika Harden
1440,001440,Yuriko Casino
1441,001441,Magaly Carrozza
1442,001442,Lan Ravi
1443,001443,Daren Bondurant
1444,001444,Leena Klees
1445,001445,Marshall Kunde
1446,001446,Jimmie Capati
1447,001447,Glynda Gatrell
1448,001448,Jack Faletti
1449,001449,Shayna Strelow
1450,001450,Silva Scogin
1451,001451,Bernadine Barbie
1452,001452,Virgil Lesperance
1453,001453,Carma Labranche
1454,001454,Eura Millerd
1455,001455,Alicia Kreischer
1456,001456,Kanisha Marchand
1457,001457,Oma Theule
1458,001458,Carmelita Babiarz
1459,001459,Clarice Laurendeau
1460,001460,Merilyn Capozzoli
1461,001461,Leland Justiniano
1462,001462,Despina Josten
1463,001463,Mitsue Raethke
1464,001464,Corrina Kosik
1465,001465,Janae Cavaluzzi
1466,001466,Jeanelle Manriquez
1467,001467,Emery Body
1468,001468,Branda Bakke
1469,001469,Clint Tenhoff
1470,001470,Milton Sobczyk
1471,001471,Noelia Mocha
1472,001472,Min Monrreal
1473,001473,Sanda Crossman
1474,001474,Kristin Erdos
1475,001475,Reuben Nolette
1476,001476,Lila Swee
1477,001477,Will Dzama
1478,001478,Sadye Klint
1479,001479,Maryetta Costlow
1480,001480,Devon Burgey
1481,001481,Elenore Okoniewski
1482,001482,Felix Waugaman
1483,001483,Ester Marchman
1484,001484,Demetrius Stops
1485,001485,Kindra Tanori
1486,001486,Scotty Mctarnaghan
1487,001487,Eric Mulhern
1488,001488,Margarete Aveline
1489,001489,Georgetta Dotson
1490,001490,Brigid Menette
1491,001491,Rufus Defosset
1492,001492,Mel Callens
1493,001493,Katrice Roam
1494,001494,Analisa Cassello
1495,001495,Paola Murcia
1496,001496,Yang Yerian
1497,001497,Reid Easker
1498,001498,Frankie Mileti
1499,001499,Buford Gathman
1500,001500,Judith Rezai
1501,001501,Daron Graf
1502,001502,Cordelia Dimsdale
1503,001503,Shenna Gudiel
1504,001504,Dorathy Ermitano
1505,001505,Merle Sherfy
1506,001506,Monserrate Azevedo
1507,001507,Kassandra Frayer
1508,001508,Rubi Kytle
1509,001509,Karla Jass
1510,001510,Lavern Ou
1511,001511,Janella Vogelsang
1512,001512,Sandy Bloemker
1513,001513,Matha Menesez
1514,001514,Eilene Rehbock
1515,001515,Roxie Deschner
1516,001516,Margery Gooch
1517,001517,Milan Lons
1518,001518,Augustus Fornier
1519,001519,Katia Dupree
1520,001520,Lucie Stageman
1521,001521,Gail Bachtell
1522,001522,Melodie Bilger
1523,001523,Elida Meua
1524,001524,Barabara Bourgoine
1525,001525,Carmon Flirt
1526,001526,Fermina Kakaviatos
1527,001527,Meg Artzer
1528,001528,Mathilda Teisberg
1529,001529,Spring Waszak
1530,001530,Milton Winklepleck
1531,001531,Demarcus Plymale
1532,001532,Edmond Remlin
1533,001533,Mozelle Reali
1534,001534,Rory Scales
1535,001535,Chester Airington
1536,001536,Althea Quitedo
1537,001537,Leanora Starcic
1538,001538,Roosevelt Kemmeries
1539,001539,Jessia Toalson
1540,001540,Lonnie Puleo
1541,001541,Wen Treaster
1542,001542,Scott Prior
1543,001543,Erick Heinbach
1544,001544,Dewayne Pryde
1545,001545,Kristan Dittrick
1546,001546,Garth Panza
1547,001547,Alla Exe
1548,001548,Juanita Champy
1549,001549,Darell Zajac
1550,001550,Berniece Chamness
1551,001551,Rosana Labianca
1552,001552,Merlyn Vollman
1553,001553,Dane Martyn
1554,001554,Jolene Seher
1555,001555,Pei Vanpoppelen
1556,001556,Quinn Spiers
1557,001557,Gaston Coray
1558,001558,Zetta Shelkoff
1559,001559,Teresia Dantzler
1560,001560,Sena Boehnke
1561,001561,Carma Bonsignore
1562,001562,Judith Lawley
1563,001563,Natisha Donate
1564,001564,Bula Ricketson
1565,001565,Gidget Sarelas
1566,001566,Julieann Cartner
1567,001567,Lester Bowl
1568,001568,Kary Haugaard
1569,001569,Landon Neuby
1570,001570,Johanna Zappia
1571,001571,Vashti Shave
1572,001572,Simonne Tuamoheloa
1573,001573,Raymond Pittinger
1574,001574,Clora Whitley
1575,001575,Kelle Whittenburg
1576,001576,Simone Hainsworth
1577,001577,Maribel Kandra
1578,001578,Kyung Butala
1579,001579,Chung Dulay
1580,001580,Joye Todora
1581,001581,Perla Bulock
1582,001582,Candance Burdine
1583,001583,Eduardo Juliano
1584,001584,Terresa Hugh
1585,001585,Ayako Sheetz
1586,001586,Penney Moroni
1587,001587,Johnson Wentcell
1588,001588,Valencia Mongeau
1589,001589,Venita Sassaman
1590,001590,Terry Mcclammy
1591,001591,Hwa Tone
1592,001592,Karlene Kassim
1593,001593,Otilia Desmeules
1594,001594,Charlena Rettinger
1595,001595,Coreen Freiman
1596,001596,Berta Gilman
1597,001597,Dane Galvan
1598,001598,Grazyna Blundo
1599,001599,Annett Jegede
1600,001600,Anjelica Satchwell
1601,001601,Gloria Tebbe
1602,001602,Danna Parrill
1603,001603,Tomi Delmundo
1604,001604,Sharilyn Ogram
1605,001605,Dalila Baccari
1606,001606,Yanira Gentges
1607,001607,Phil Trapasso
1608,001608,Randy Weatherbee
1609,001609,Jose Greg
1610,001610,Yong Sedotal
1611,001611,Tristan Hemmig
1612,001612,Amiee Tsuchiura
1613,001613,Dortha Ooley
1614,001614,Vania Barret
1615,001615,Adriana Villena
1616,001616,Man Hauman
1617,001617,Genie Mayou
1618,001618,Genna Buchberger
1619,001619,Tereasa Cybulski
1620,001620,Tanner Tercero
1621,001621,Marielle Zabel
1622,001622,Ernestine Viens
1623,001623,Mellisa Cobarrubias
1624,001624,Cammie Gravlin
1625,001625,Rupert Philmore
1626,001626,Derick Benett
1627,001627,Ula Lietzke
1628,001628,Katrina Segonia
1629,001629,Shay Beahn
1630,001630,Jeanne Coor
1631,001631,Dotty Resto
1632,001632,Vernice Gesing
1633,001633,Lynelle Picot
1634,001634,Janis Masingale
1635,001635,Horace Deforrest
1636,001636,Tamesha Grullon
1637,001637,Gordon Malich
1638,001638,Tammera Wallin
1639,001639,Billy Montoto
1640,001640,Lexie Schmille
1641,001641,Lanora Hibbitt
1642,001642,Catrina Mellendorf
1643,001643,Candance Earleywine
1644,001644,Sarai Abes
1645,001645,Yuri Soper
1646,001646,Saul Huber
1647,001647,Criselda Ure
1648,001648,Elease Tober
1649,001649,Gracia Bulkeley
1650,001650,Hershel While
1651,001651,Man Steffey
1652,001652,Carl Dasinger
1653,001653,Luanne Peto
1654,001654,Shawana Wiese
1655,001655,Jeniffer Mcwayne
1656,001656,Cyndy Froneberger
1657,001657,Donnie Hannawalt
1658,001658,Britney Sedar
1659,001659,Luciana Usilton
1660,001660,Dierdre Sodek
1661,001661,Neva Bartin
1662,001662,Akilah Arnholtz
1663,001663,Manda Carls
1664,001664,Lelah Sykora
1665,001665,Sade Adle
1666,001666,Robin Marconi
1667,001667,Yon Commiskey
1668,001668,Fae Picard
1669,001669,Hortense Dalhover
1670,001670,Leslie Niceswander
1671,001671,Coretta Sivert
1672,001672,Lauren Wiscount
1673,001673,Michele Vavricka
1674,001674,Kelsie Berkenbile
1675,001675,Gilberte Koslow
1676,001676,Monica Reglin
1677,001677,Signe Lauture
1678,001678,Gabriele Wollam
1679,001679,Tonie Deichman
1680,001680,Jannie Houy
1681,001681,Saundra Hudley
1682,001682,Gracia Nordsiek
1683,001683,Alla Elsayed
1684,001684,Kaycee Scheidt
1685,001685,Else Oganesian
1686,001686,Kirby Diffee
1687,001687,Laure Iiams
1688,001688,Terisa Vanvolkenburg
1689,001689,Stefani Ruzzo
1690,001690,Sueann Ritchey
1691,001691,Leena Kautzer
1692,001692,Harriett Hazen
1693,001693,Deedra Bastian
1694,001694,Denice Placencio
1695,001695,Herschel Shanor
1696,001696,Hollis Illies
1697,001697,Annetta Hursey
1698,001698,Machelle Servis
1699,001699,Richard Dhondt
1700,001700,Kate Yeakle
1701,001701,Dawn Bertotti
1702,001702,Charlie Ranes
1703,001703,Tangela Bergquist
1704,001704,Dortha Polimeni
1705,001705,Alva Steensland
1706,001706,Verlie Scherz
1707,001707,Demarcus Greco
1708,001708,Dorotha Buza
1709,001709,Palma Curia
1710,001710,Annelle Haeussler
1711,001711,Shirly Riordan
1712,001712,Myron Nicklien
1713,001713,Brianna Ordeneaux
1714,001714,Oralia Raulerson
1715,001715,Ethelyn Clemmons
1716,001716,Kylee Hilton
1717,001717,Carin Kloeppel
1718,001718,Lurline Verdusco
1719,001719,Shizuko Diiorio
1720,001720,Rodrick Adels
1721,001721,Breann Bandyk
1722,001722,Diana Jarboe
1723,001723,Logan Lacefield
1724,001724,Reta Diamico
1725,001725,Leeanna Mole
1726,001726,Sandy Thom
1727,001727,Sherron Portilla
1728,001728,Phoebe Billen
1729,001729,Chau Enget
1730,001730,Letha Derry
1731,001731,Roxie Mcelroy
1732,001732,Herman Jessee
1733,001733,Shalon Schwemmer
1734,001734,Jimmy Norwell
1735,001735,Gregorio Janski
1736,001736,Star Formento
1737,001737,Mellie Sjulstad
1738,001738,Lilly Synakowski
1739,001739,Margarita Hoblit
1740,001740,Shiloh Godsman
1741,001741,Stephaine Moryl
1742,001742,Lyndon Sien
1743,001743,Davina Alba
1744,001744,Kimbra Rivero
1745,001745,Petronila Tippins
1746,001746,Nicholas Steinhour
1747,001747,Pablo Vickey
1748,001748,Cassy Malavet
1749,001749,Meagan Mccole
1750,001750,Nelle Sanday
1751,001751,Katrice Mikkelson
1752,001752,Rudy Lauden
1753,001753,Alleen Bujak
1754,001754,Vernice Stormont
1755,001755,Enda Feleppa
1756,001756,Veronika Tangney
1757,001757,Anika Talerico
1758,001758,Dane Brancanto
1759,001759,Oswaldo Vipond
1760,001760,Kenda Brienen
1761,001761,Kori Digeorgio
1762,001762,Tasha Haya
1763,001763,Marcell Biancaniello
1764,001764,Kristeen Torress
1765,001765,Domonique Smiechowski
1766,001766,Donya Modica
1767,001767,Slyvia Goodhart
1768,001768,Gerald Trumpower
1769,001769,Charline Ally
1770,001770,Noemi Allessi
1771,001771,Lan Stonelake
1772,001772,Dottie Schurz
1773,001773,Bryce Adelmund
1774,001774,Royce Vondracek
1775,001775,Jerica Waddles
1776,001776,Jayne Sobczynski
1777,001777,Nguyet Gastellum
1778,001778,Charlie Bedaw
1779,001779,Drucilla Marentis
1780,001780,Meagan Valrie
1781,001781,Deborah Havatone
1782,001782,Randell Vaughen
1783,001783,Eryn Abu
1784,001784,Phillis Jorres
1785,001785,Elmo Piltz
1786,001786,Jerald Kijowski
1787,001787,Gennie Wegweiser
1788,001788,Kristal Berray
1789,001789,Min Allers
1790,001790,Sergio Leggs
1791,001791,Roselyn Icard
1792,001792,Freddie Ziadie
1793,001793,Evangeline Ollis
1794,001794,Keena Heiniger
1795,001795,Carmelina Espenshade
1796,001796,Hank Gunzalez
1797,001797,Magnolia Heyes
1798,001798,Tish Regalado
1799,001799,Quinton Pockrus
1800,001800,Shanda Donohue
1801,001801,Felipe Spidle
1802,001802,Allyn Stoll
1803,001803,Anjanette Sumlar
1804,001804,Randy Foreback
1805,001805,Fredericka Lenyard
1806,001806,Rashida Lessen
1807,001807,Ramiro Renyer
1808,001808,Maximo Quitugua
1809,001809,Andres Rexroat
1810,001810,Mason Wilson
1811,001811,Adam Holroyd
1812,001812,Sadye Poll
1813,001813,Adriene Ostrander
1814,001814,Laquanda Doucet
1815,001815,Bernie Schmittou
1816,001816,Judith Dockins
1817,001817,Scott Sonoski
1818,001818,Misty Chiu
1819,001819,Dorris Stohs
1820,001820,Benedict Scism
1821,001821,Lan Colquitt
1822,001822,Darby Lackman
1823,001823,Tonia Pennant
1824,001824,Letisha Nemunaitis
1825,001825,Clement Borras
1826,001826,Venita Ok
1827,001827,Davida Schreckhise
1828,001828,Shalon Marsalis
1829,001829,Aleida Cantarella
1830,001830,Simone Xang
1831,001831,Marie Grich
1832,001832,Nancey Denogean
1833,001833,Soila Petropoulos
1834,001834,Antonetta Coykendall
1835,001835,Matilda Blackstar
1836,001836,Seema Zanayed
1837,001837,Madge Bretz
1838,001838,Ray Darty
1839,001839,Deon Fouse
1840,001840,Otha Rasnic
1841,001841,Kirstie Sane
1842,001842,Daren Gick
1843,001843,Fred Parsh
1844,001844,Jeana Fugler
1845,001845,Reagan Veach
1846,001846,Long Pforr
1847,001847,Madonna Ferrise
1848,001848,Charlesetta Raudebaugh
1849,001849,Nila Colecchi
1850,001850,Margareta Straley
1851,001851,Jeffry Tejedor
1852,001852,Miranda Delawyer
1853,001853,Camilla Malaney
1854,001854,Mindi Maigret
1855,001855,Lissa Koolman
1856,001856,Harvey Pear
1857,001857,Emerald Koenigstein
1858,001858,Fumiko Etling
1859,001859,Chan Hyden
1860,001860,Shay Sarlinas
1861,001861,Martina Arildsen
1862,001862,Vicki Bitsuie
1863,001863,Renaldo Selsor
1864,001864,Francoise Olerud
1865,001865,Domonique Lothrop
1866,001866,Louie Policare
1867,001867,Madaline Hemperley
1868,001868,Raleigh Plush
1869,001869,Carletta Papelian
1870,001870,Richard Caricofe
1871,001871,Betty Esther
1872,001872,Freeda Lab
1873,001873,Eddie Dine
1874,001874,Lorelei Hillered
1875,001875,Crista Duelm
1876,001876,Dewayne Lesch
1877,001877,Lavone Kuhtz
1878,001878,Tameka Halligan
1879,001879,Caroline Caputo
1880,001880,Corey Sachtleben
1881,001881,Hassan Kasel
1882,001882,Todd Drinkwater
1883,001883,Michael Tejeda
1884,001884,Lynsey Lolley
1885,001885,Sherrill Duzan
1886,001886,Yuri Zeidman
1887,001887,Roseann Schleimer
1888,001888,Jason Toothaker
1889,001889,Eliz Goike
1890,001890,Shena Bredy
1891,001891,Aliza Villacis
1892,001892,Nickole Zimmerly
1893,001893,Wonda Houskeeper
1894,001894,Carmen Ebanks
1895,001895,Dione Riblet
1896,001896,Beaulah Odear
1897,001897,Misti Basnight
1898,001898,Perla Molles
1899,001899,Hye Eilers
1900,001900,Lona Cromartie
1901,001901,Diedre Leerar
1902,001902,Tameka Lodato
1903,001903,Emely Swart
1904,001904,Myesha Kupstas
1905,001905,Shelba Guard
1906,001906,Olin Zera
1907,001907,Daria Hawkey
1908,001908,Renita Vanbrunt
1909,001909,Glinda Metil
1910,001910,Dia Czapiewski
1911,001911,Edwardo Vilt
1912,001912,Ilana Nordstrom
1913,001913,Kristine Daggy
1914,001914,Emory Kneisler
1915,001915,Enola Hordge
1916,001916,Davis Dieter
1917,001917,Eleanore Behr
1918,001918,Linnea Seaward
1919,001919,Rhoda Spille
1920,001920,Cheri Pulizzi
1921,001921,Jeana Suckow
1922,001922,Bailey Rouillard
1923,001923,Ernestine Fini
1924,001924,Chanell Balladares
1925,001925,Georgianne Josias
1926,001926,Jada Tacopino
1927,001927,Aiko Pinta
1928,001928,Cheryl Lesky
1929,001929,Melonie Kellett
1930,001930,Evonne Drummey
1931,001931,Brandon Reveal
1932,001932,Carlita Gewinner
1933,001933,Ehtel Constantineau
1934,001934,Casie Vulich
1935,001935,Khalilah Charron
1936,001936,Nubia Umland
1937,001937,Luci Helgerson
1938,001938,Jung Falgoust
1939,001939,Perla Parthemore
1940,001940,Luanne Nasr
1941,001941,Lizette Tucke
1942,001942,Natividad Nucklos
1943,001943,Cleopatra Geddie
1944,001944,Scott Steadings
1945,001945,German Amble
1946,001946,Heriberto Wolter
1947,001947,Teddy Zeck
1948,001948,Maribel Domagala
1949,001949,Edmond Clerk
1950,001950,Marylin Garlow
1951,001951,Eleni Piety
1952,001952,Shawnda Sharko
1953,001953,Ligia Pedrotti
1954,001954,Rich Strosnider
1955,001955,Shani Offermann
1956,001956,Ossie Swantak
1957,001957,Maureen Bamba
1958,001958,Tiesha Pilsner
1959,001959,Dominga Ubiles
1960,001960,Katina Guidotti
1961,001961,Corrin Orahood
1962,001962,Christian Warrick
1963,001963,Maynard Bannett
1964,001964,Florene Capels
1965,001965,Karissa Hinely
1966,001966,Tawny Wearing
1967,001967,Janna Swierenga
1968,001968,Virgilio Draudt
1969,001969,Austin Berkheimer
1970,001970,Domenica Vanstraten
1971,001971,Young Karstetter
1972,001972,Barbar Penning
1973,001973,Virgil Ada
1974,001974,Belen Matusik
1975,001975,Lashunda Preyor
1976,001976,Shana Smola
1977,001977,Arvilla Kennaugh
1978,001978,Nidia Viscera
1979,001979,Abbey Locascio
1980,001980,Kina Hiltunen
1981,001981,Arlena Dezan
1982,001982,Claris Chenauls
1983,001983,Ginny Fersner
1984,001984,Katina Hennis
1985,001985,Lilian Servant
1986,001986,Jeanmarie Tavana
1987,001987,Melvina Katzman
1988,001988,Chang Boje
1989,001989,Dora Prager
1990,001990,Margarette Scatton
1991,001991,Lucrecia Benston
1992,001992,Yaeko Mackynen
1993,001993,Reginia Haefele
1994,001994,Wallace Guerrette
1995,001995,Delmy Garinger
1996,001996,Elizabet Stagg
1997,001997,Cherlyn Croxton
1998,001998,Natalya Ribot
1999,001999,Giuseppina Kushlan
