,city,state
0,San Juan Pueblo,New Mexico
1,Grantsburg,Illinois
2,Island Park,Idaho
3,Dellroy,Ohio
4,Maricopa,California
5,Colorado Springs,Colorado
6,Grouse Creek,Utah
7,Ogden,Utah
8,Ojibwa,Wisconsin
9,Camp Nelson,California
10,Crystal Lake,Iowa
11,Oklahoma City,Oklahoma
12,Putney,Vermont
13,Jacksonville,Florida
14,Riverdale,Maryland
15,Burlington,Colorado
16,Philadelphia,Pennsylvania
17,Hinesville,Georgia
18,Hereford,Colorado
19,South Dennis,Massachusetts
20,Lindale,Texas
21,Long Beach,California
22,Monroe,Georgia
23,Yakima,Washington
24,Effie,Louisiana
25,Davant,Louisiana
26,Arp,Texas
27,Pacific,Missouri
28,New Lisbon,Wisconsin
29,Sabinal,Texas
30,Hillsdale,New Jersey
31,Oil City,Louisiana
32,Emmons,Minnesota
33,Cincinnati,Ohio
34,Minneapolis,Minnesota
35,Lake City,Colorado
36,Rutland,Vermont
37,Conetoe,North Carolina
38,Bloomingburg,Ohio
39,Kansas City,Missouri
40,Stamford,Connecticut
41,Bakersfield,California
42,Augusta,Montana
43,Flatwoods,Louisiana
44,Daytona Beach,Florida
45,South Casco,Maine
46,Yonkers,New York
47,Mifflinville,Pennsylvania
48,Turner,Oregon
49,Cleveland,Ohio
50,Boca Raton,Florida
51,Tuppers Plains,Ohio
52,Little Rock,Arkansas
53,Rouses Point,New York
54,Mobile,Alabama
55,Warwick,Georgia
56,Roosevelt,Washington
57,Centerville,Massachusetts
58,Lovell,Maine
59,Ticonderoga,New York
60,Atlanta,Georgia
61,Menifee,Arkansas
62,Port Trevorton,Pennsylvania
63,Omaha,Nebraska
64,Mc Rae,Arkansas
65,Jonesborough,Tennessee
66,Inver Grove Heights,Minnesota
67,Wilkes Barre,Pennsylvania
68,Upper Fairmount,Maryland
69,Blytheville,Arkansas
70,Evergreen,Alabama
71,Mullen,Nebraska
72,Merrill,Wisconsin
73,East Corinth,Vermont
74,Sioux Falls,South Dakota
75,Red Banks,Mississippi
76,Ponce De Leon,Missouri
77,Renault,Illinois
78,Toyahvale,Texas
79,Helena,Montana
80,Wilder,Vermont
81,Wyano,Pennsylvania
82,Clear Spring,Maryland
83,Miami,Florida
84,Cullman,Alabama
85,Little Meadows,Pennsylvania
86,Correll,Minnesota
87,Marshfield Hills,Massachusetts
88,Honea Path,South Carolina
89,Woodburn,Indiana
90,Gilberton,Pennsylvania
91,Bayview,Idaho
92,Atmore,Alabama
93,Rock Tavern,New York
94,Springfield,Illinois
95,Waynesville,Missouri
96,Searles,Minnesota
97,Dallas,Wisconsin
98,Plainfield,Georgia
99,Phoenix,Maryland
100,Grantsboro,North Carolina
101,Dreyfus,Kentucky
102,Stockton,California
103,Ewing,Kentucky
104,Elberon,Virginia
105,Hayward,California
106,Fisher,Louisiana
107,Bowdle,South Dakota
108,Moline,Kansas
109,Superior,Wisconsin
110,Rehoboth,New Mexico
111,Fairbanks,Alaska
112,Buffalo,New York
113,Thompson,Utah
114,Warners,New York
115,Wright City,Missouri
116,El Paso,Texas
117,Lake Alfred,Florida
118,Hartman,Arkansas
119,Greenway,Arkansas
120,Smithsburg,Maryland
121,Los Angeles,California
122,Dearborn,Michigan
123,Cherokee,Oklahoma
124,Tampa,Florida
125,Trotters,North Dakota
126,Morristown,Tennessee
127,Fort Worth,Texas
128,Tyrone,Oklahoma
129,New Munster,Wisconsin
130,Corning,Arkansas
131,Marana,Arizona
132,Wrightwood,California
133,Milwaukee,Wisconsin
134,Locust Hill,Virginia
135,Casanova,Virginia
136,Westland,Michigan
137,Worthville,Pennsylvania
138,Rosedale,Maryland
139,Montrose,Colorado
140,Steele,Kentucky
141,Blanchardville,Wisconsin
142,Morton,Washington
143,Tehachapi,California
144,Saylorsburg,Pennsylvania
145,Alto,Georgia
146,Big Island,Virginia
147,Hawley,Minnesota
148,Des Moines,Iowa
149,Cawker City,Kansas
150,New Florence,Missouri
151,Newark,Ohio
152,Kirkwood,New York
153,Crawfordsville,Indiana
154,New Waterford,Ohio
155,Rural Retreat,Virginia
156,Madison,Pennsylvania
157,Rock Springs,Wyoming
158,Danville,Pennsylvania
159,Bieber,California
160,Big Spring,Texas
161,Sigel,Illinois
162,Dassel,Minnesota
163,Meredith,New Hampshire
164,Orlando,Florida
165,Amarillo,Texas
166,Ringsted,Iowa
167,Ames,Nebraska
168,Kokomo,Indiana
169,Erick,Oklahoma
170,Morse Bluff,Nebraska
171,Garrard,Kentucky
172,Pandora,Ohio
173,Athens,Georgia
174,Erie,Pennsylvania
175,San Isidro,Texas
176,Lapel,Indiana
177,Waverly Hall,Georgia
178,Eastman,Georgia
179,Orange City,Florida
180,Coatesville,Pennsylvania
181,Keyes,Oklahoma
182,Chillicothe,Texas
183,Cragsmoor,New York
184,Vashon,Washington
185,Marion Center,Pennsylvania
186,Milan,Kansas
187,Deerfield,Ohio
188,Valley Park,Mississippi
189,Monticello,Florida
190,Boston,Massachusetts
191,Sundown,Texas
192,Fremont,Iowa
193,Indianapolis,Indiana
194,Independence,Missouri
195,Hill City,South Dakota
196,Homestead,Iowa
197,Moorhead,Minnesota
198,Schenectady,New York
199,West Alton,Missouri
200,Ancramdale,New York
201,Rockport,Maine
202,Madrid,Iowa
203,Ranger,West Virginia
204,Fall City,Washington
205,Leesport,Pennsylvania
206,Honolulu,Hawaii
207,Charlotte,North Carolina
208,Wrenshall,Minnesota
209,Mount Royal,New Jersey
210,Birchrunville,Pennsylvania
211,Chester,Vermont
212,Montgomery,Illinois
213,Elwood,Illinois
214,North Chicago,Illinois
215,Austin,Texas
216,Ivel,Kentucky
217,Conroe,Texas
218,Pompano Beach,Florida
219,Crowell,Texas
220,Basco,Illinois
221,Northampton,Pennsylvania
222,Hamilton,Georgia
223,Groesbeck,Texas
224,Port Charlotte,Florida
225,Peralta,New Mexico
226,Prosser,Nebraska
227,Spencer,Ohio
228,Swanzey,New Hampshire
229,Ester,Alaska
230,Bryant,Arkansas
231,Middletown,Connecticut
232,Hancock,Minnesota
233,Lyon,Mississippi
234,Keauhou,Hawaii
235,Speedwell,Virginia
236,Node,Wyoming
237,Braman,Oklahoma
238,Etna Green,Indiana
239,Salem,Oregon
240,Oro Grande,California
241,Manitou,Oklahoma
242,Boise,Idaho
243,Wedgefield,South Carolina
244,Highland Lake,New York
245,Quicksburg,Virginia
246,Coal City,Illinois
247,Ripon,California
248,Albany,New York
249,Cedar Hill,Missouri
250,San Luis Obispo,California
251,Victor,West Virginia
252,Deland,Florida
253,Oconomowoc,Wisconsin
254,Newton,Massachusetts
255,New Hyde Park,New York
256,Oceola,Ohio
257,Fairfield,Iowa
258,Trion,Georgia
259,Chamisal,New Mexico
260,Nichols,Florida
261,Cashtown,Pennsylvania
262,Bristow,Virginia
263,Gardena,California
264,New Orleans,Louisiana
265,Sun River,Montana
266,Rampart,Alaska
267,Lyons,New Jersey
268,Silverthorne,Colorado
269,Queen City,Missouri
270,Little River,Texas
271,Washington,District of Columbia
272,Robbins,North Carolina
273,Diamond,Oregon
274,Waverly,Tennessee
275,Covel,West Virginia
276,Cheshire,Massachusetts
277,Carpinteria,California
278,Nashville,Tennessee
279,Little Orleans,Maryland
280,Hartford,Connecticut
281,Randle,Washington
282,,
283,West Linn,Oregon
284,Byers,Texas
285,Reedsville,Wisconsin
286,Rosemead,California
287,De Lancey,New York
288,Cumming,Georgia
289,Johnson City,Tennessee
290,Whitharral,Texas
291,Marianna,Florida
292,Coeur D Alene,Idaho
293,Irving,Texas
294,Tolleson,Arizona
295,Tunnelton,West Virginia
296,Harrisburg,Nebraska
297,Amity,Pennsylvania
298,Manomet,Massachusetts
299,Canton,Ohio
300,Polacca,Arizona
301,San Francisco,California
302,Keithville,Louisiana
303,Bruni,Texas
304,Portsmouth,Virginia
305,Baton Rouge,Louisiana
306,Sainte Genevieve,Missouri
307,Montreat,North Carolina
308,State Center,Iowa
309,Burwell,Nebraska
310,Liberal,Kansas
311,Post Falls,Idaho
312,Mina,Nevada
313,Gouldbusk,Texas
314,Buckingham,Illinois
315,Denver,Indiana
316,Melbourne,Florida
317,Rutherford,Tennessee
318,Guilford,Missouri
319,Penfield,Pennsylvania
320,Roanoke,Virginia
321,Cost,Texas
322,Beaverdale,Pennsylvania
323,Troy,North Carolina
324,Kaysville,Utah
325,Three Mile Bay,New York
326,Sacramento,California
327,Tucson,Arizona
328,Rimersburg,Pennsylvania
329,Hickory,Pennsylvania
330,Federalsburg,Maryland
331,Kincaid,West Virginia
332,Camp Meeker,California
333,Medford,Oregon
334,Cumberland,North Carolina
335,Pittsville,Wisconsin
336,Dyersville,Iowa
337,Stem,North Carolina
338,Casa Blanca,New Mexico
339,Harbor Beach,Michigan
340,Avon,Montana
341,Henry,Tennessee
342,Ozone,Arkansas
343,Arlington,Virginia
344,West Chesterfield,Massachusetts
345,South Gibson,Pennsylvania
346,Loretto,Minnesota
347,Naruna,Virginia
348,Portland,Maine
349,North Richland Hills,Texas
350,Arapahoe,Colorado
351,Pleasant Mount,Pennsylvania
352,Elizabethtown,Pennsylvania
353,Harwood,Texas
354,Wilmington,Delaware
355,San Diego,California
356,Damon,Texas
357,Shepherdstown,West Virginia
358,Poy Sippi,Wisconsin
359,Tyndall,South Dakota
360,Bellevue,Washington
361,Slidell,Louisiana
362,Woodman,Wisconsin
363,Chesapeake,Virginia
364,Madera,California
365,Glen Rose,Texas
366,Croton,Ohio
367,Columbia,New Jersey
368,Ione,Oregon
369,Nisland,South Dakota
370,Hilger,Montana
371,Birmingham,Alabama
372,Sumrall,Mississippi
373,Bandera,Texas
374,West Columbia,South Carolina
375,Morganfield,Kentucky
376,Weston,Ohio
377,Silverton,Idaho
378,New Castle,Pennsylvania
379,West Liberty,Kentucky
380,West Bloomfield,Michigan
381,Lake Park,Georgia
382,Letter Gap,West Virginia
383,Bruno,Minnesota
384,Maggie Valley,North Carolina
385,Derry,Louisiana
386,Colusa,California
387,New London,Iowa
388,Crater Lake,Oregon
389,Novinger,Missouri
390,Mountain Pass,California
391,Ashwood,Oregon
392,Salt Lake City,Utah
393,Detroit,Michigan
394,Fresno,California
395,Graysville,Ohio
396,Garrison,Missouri
397,Aurora,Indiana
398,Pray,Montana
399,Greenville,Alabama
400,East Hartford,Connecticut
401,Bakerton,Kentucky
402,Nacogdoches,Texas
403,Ivoryton,Connecticut
404,Moraga,California
405,Foxworth,Mississippi
406,Vintondale,Pennsylvania
407,Joseph,Oregon
408,Groveport,Ohio
409,Bismarck,North Dakota
410,Boggs,West Virginia
411,Clifton Heights,Pennsylvania
412,Warm Springs,Arkansas
413,Woburn,Massachusetts
414,Bozman,Maryland
415,Lebanon,Connecticut
416,Raleigh,North Carolina
417,Modesto,Illinois
418,Los Lunas,New Mexico
419,Freeport,Illinois
420,Ottawa,Kansas
421,Watson,Illinois
422,Fall Branch,Tennessee
423,Jeffersonville,Indiana
424,Glendale,California
425,Omar,West Virginia
426,Bergen,New York
427,Aspen,Colorado
428,Rosebush,Michigan
429,Gardner,Massachusetts
430,Syracuse,New York
431,Shreveport,Louisiana
432,Bridgeland,Utah
433,Tupelo,Mississippi
434,Blandinsville,Illinois
435,Burleson,Texas
436,Maybrook,New York
437,Millers,Maryland
438,North Little Rock,Arkansas
439,Lynchburg,Missouri
440,Wapanucka,Oklahoma
441,Sparks,Nevada
442,Lankin,North Dakota
443,Rock,West Virginia
444,Scarborough,Maine
445,Langhorne,Pennsylvania
446,Byromville,Georgia
447,Saltsburg,Pennsylvania
448,Salisbury,Connecticut
449,Everglades City,Florida
450,Hampton,Virginia
451,Athol,New York
452,Grifton,North Carolina
453,Green Bay,Wisconsin
454,Pelzer,South Carolina
455,Kootenai,Idaho
456,Parrott,Virginia
457,Simonton,Texas
458,Panama City,Florida
459,Boswell,Indiana
460,Yerington,Nevada
461,Oakland,Michigan
462,Cedar Park,Texas
463,Zionsville,Pennsylvania
464,Haigler,Nebraska
465,Hermosa Beach,California
466,Lincoln,Nebraska
467,Yorktown,Virginia
468,Hendricks,Kentucky
469,Milford,Indiana
470,Carefree,Arizona
471,Temecula,California
472,Saint Paul,Minnesota
473,Spokane,Missouri
474,Wakefield,Rhode Island
475,Falls Church,Virginia
476,Polk,Nebraska
477,Fort Plain,New York
478,Dupont,Colorado
479,Chadbourn,North Carolina
480,Garner,Kentucky
481,Brush Prairie,Washington
482,Jackson,Mississippi
483,Nipomo,California
484,Burlington Flats,New York
485,Whalan,Minnesota
486,Laneville,Texas
487,Hebron,Illinois
488,Bristol,West Virginia
489,Triplett,North Carolina
490,Ephraim,Utah
491,Cranston,Rhode Island
492,Gladys,Virginia
493,Tynan,Texas
494,Hollytree,Alabama
495,Louisville,Georgia
496,Shepherd,Montana
497,New Sharon,Iowa
498,Reasnor,Iowa
499,Amlin,Ohio
500,Palestine,Texas
501,Green Lake,Wisconsin
502,Blakes,Virginia
503,Vanndale,Arkansas
504,Ragley,Louisiana
505,Wichita Falls,Texas
506,Midpines,California
507,Sodus,New York
508,West Palm Beach,Florida
509,Shoreham,New York
510,Van Buren,Indiana
511,Carlisle,Massachusetts
512,Kane,Pennsylvania
513,Boyers,Pennsylvania
514,Notus,Idaho
515,Mineral Point,Missouri
516,New Harmony,Indiana
517,Bloomington,Illinois
518,East Bloomfield,New York
519,Gilbert,South Carolina
520,Atkinson,North Carolina
521,Thousand Oaks,California
522,Cleburne,Texas
523,Gassville,Arkansas
524,Shelburne,Vermont
525,Allen Park,Michigan
526,Rockville Centre,New York
527,Pedro Bay,Alaska
528,Avalon,Mississippi
529,Kingston,Ohio
530,Mount Perry,Ohio
531,Saint Louis,Missouri
532,Hazelwood,Missouri
533,New Hampton,New York
534,Big Wells,Texas
535,Stoy,Illinois
536,Houma,Louisiana
537,Red Rock,Oklahoma
538,Side Lake,Minnesota
539,Miramar Beach,Florida
540,Sterling,New York
541,Walkerton,Indiana
542,Carville,Louisiana
543,Hunt,Arkansas
544,Providence,Rhode Island
545,Zalma,Missouri
546,Quinby,Virginia
547,Cedar City,Utah
548,New Tripoli,Pennsylvania
549,Strafford,New Hampshire
550,Huntington,West Virginia
551,North Buena Vista,Iowa
552,Tustin,California
553,Strabane,Pennsylvania
554,West Poland,Maine
555,Hazel Green,Wisconsin
556,Iuka,Illinois
557,Greer,South Carolina
558,Cocoa,Florida
559,Mc Call Creek,Mississippi
560,Mansfield,Ohio
561,Clear Creek,Indiana
562,Ogdensburg,New York
563,Ernest,Pennsylvania
564,Bloomfield,New Mexico
565,Courtland,Virginia
566,Guide Rock,Nebraska
567,Mcnary,Arizona
568,Sunnyvale,California
569,Sargent,Georgia
570,Sandy Hook,Kentucky
571,Atglen,Pennsylvania
572,Whitney,Pennsylvania
573,Lowell,Vermont
574,Hope Mills,North Carolina
575,Fleming,Colorado
576,Richmond,Kansas
577,Elmira,New York
578,Seabrook,New Hampshire
579,Stuart,Virginia
580,Houston,Texas
581,Wetmore,Colorado
582,Queenstown,Maryland
583,New Haven,Connecticut
584,Hermleigh,Texas
585,Saint Johnsbury,Vermont
586,Union City,Indiana
587,Marshfield,Wisconsin
588,Goshen,Ohio
589,Duluth,Minnesota
590,Westboro,Wisconsin
591,San Rafael,California
592,Rock Island,Washington
593,Marrero,Louisiana
594,Dearing,Kansas
595,Modoc,Indiana
596,Milton,Iowa
597,Hazlet,New Jersey
598,Matherville,Illinois
599,Audubon,Pennsylvania
600,South Lake Tahoe,California
601,Huntsville,Texas
602,Jacks Creek,Tennessee
603,Lithia Springs,Georgia
604,Whites Creek,Tennessee
605,Fairland,Indiana
606,Chittenango,New York
607,Milton Mills,New Hampshire
608,Fennimore,Wisconsin
609,Bowbells,North Dakota
610,San Anselmo,California
611,Mineral,Washington
612,Streetman,Texas
613,Mesa,Arizona
614,Shawnee Mission,Kansas
615,Hazel Park,Michigan
616,Bowling Green,Florida
617,Falls,Pennsylvania
618,Kistler,West Virginia
619,Wayland,Missouri
620,Barre,Massachusetts
621,Vidor,Texas
622,Ocean City,Maryland
623,Yutan,Nebraska
624,Lydia,South Carolina
625,Peshtigo,Wisconsin
626,Falmouth,Indiana
627,Port Heiden,Alaska
628,Rayle,Georgia
629,Honokaa,Hawaii
630,Emington,Illinois
631,Clay City,Kentucky
632,Saginaw,Alabama
633,Shoshoni,Wyoming
634,Ridgeway,Missouri
635,Glenwood,Georgia
636,Seney,Michigan
637,Turney,Missouri
638,Mechanicsburg,Pennsylvania
639,Beggs,Oklahoma
640,Grand Rapids,Michigan
641,Littleton,Massachusetts
642,Dublin,California
643,Lawrenceville,Pennsylvania
644,Bellmont,Illinois
645,Marcus,Iowa
646,West Coxsackie,New York
647,Chelsea,Wisconsin
648,Fairfax,California
649,Franklinville,New York
650,Mountain View,California
651,Becker,Mississippi
652,Corpus Christi,Texas
653,Linden,Pennsylvania
654,West Jefferson,North Carolina
655,Reston,Virginia
656,Drifting,Pennsylvania
657,Lakewood,California
658,Arkansas City,Arkansas
659,Mc Bee,South Carolina
660,Earth City,Missouri
661,Hidalgo,Texas
662,Callahan,Florida
663,Fairchild,Wisconsin
664,Stafford,Texas
665,Dixon,Missouri
666,South Pittsburg,Tennessee
667,Friendsville,Pennsylvania
668,Marion,Massachusetts
669,Medicine Lodge,Kansas
670,Stone Mountain,Georgia
671,Germanton,North Carolina
672,Paterson,New Jersey
673,Eagle,Michigan
674,Forsyth,Georgia
675,Carrollton,Kentucky
676,Alma,Michigan
677,Piscataway,New Jersey
678,Dabolt,Kentucky
679,Windham,Maine
680,Waco,Missouri
681,Grass Valley,Oregon
682,Summit,Kentucky
683,Muse,Oklahoma
684,Hartley,Texas
685,Emporia,Kansas
686,Rossville,Georgia
687,Myra,Kentucky
688,New Canton,Illinois
689,Orla,Texas
690,Bradley,Maine
691,Fayetteville,Tennessee
692,Fish Camp,California
693,Lowake,Texas
694,Anthony,Florida
695,Fort Lauderdale,Florida
696,Indian Trail,North Carolina
697,Utica,Ohio
698,Marengo,Ohio
699,Hamden,Connecticut
700,Raiford,Florida
701,Calumet,Minnesota
702,Lees Summit,Missouri
703,Reydell,Arkansas
704,Skellytown,Texas
705,Gore,Virginia
706,Ada,Oklahoma
707,Bart,Pennsylvania
708,Rocky Hill,Kentucky
709,Oceano,California
710,Pitman,New Jersey
711,Thomaston,Texas
712,Wyoming,Rhode Island
713,Newburg,Wisconsin
714,Seguin,Texas
715,Brookton,Maine
716,Maplewood,New Jersey
717,Drennen,West Virginia
718,Norwalk,Connecticut
719,Saybrook,Illinois
720,East Waterboro,Maine
721,Akron,Ohio
722,Sassamansville,Pennsylvania
723,Caldwell,Kansas
724,German Valley,Illinois
725,Martin,Pennsylvania
726,Kalida,Ohio
727,Sandstone,West Virginia
728,Centre,Alabama
729,Mariposa,California
730,Napoleonville,Louisiana
731,Frederick,Maryland
732,Standish,Maine
733,Randall,Kansas
734,Hot Springs,North Carolina
735,Hinton,Virginia
736,Trinchera,Colorado
737,Lacey,Washington
738,Rosebud,Montana
739,University Park,Iowa
740,Macfarlan,West Virginia
741,Lake Orion,Michigan
742,Ozawkie,Kansas
743,Beaver,Kansas
744,Saint Mary Of The Woods,Indiana
745,Fort Sheridan,Illinois
746,Vandiver,Alabama
747,Dawmont,West Virginia
748,New York City,New York
749,Pasadena,California
750,Lumpkin,Georgia
751,Harrison City,Pennsylvania
752,War,West Virginia
753,Wolftown,Virginia
754,Flint,Michigan
755,Ravalli,Montana
756,Dover,Oklahoma
757,Karnack,Texas
758,Idaho Falls,Idaho
759,Lake Benton,Minnesota
760,East Carbon,Utah
761,South Windham,Maine
762,Currie,Minnesota
763,Halsey,Nebraska
764,Fort Loramie,Ohio
765,Wilmont,Minnesota
766,Taswell,Indiana
767,Martel,Ohio
768,Redlands,California
769,Sebasco Estates,Maine
770,Buchanan,Michigan
771,Sherrard,Illinois
772,Hamlin,New York
773,Englewood,New Jersey
774,Whitewater,Wisconsin
775,Maskell,Nebraska
776,Platter,Oklahoma
777,Wapella,Illinois
778,Mount Laguna,California
779,Milroy,Indiana
780,Fruitland,Iowa
781,Bellville,Georgia
782,Deep Run,North Carolina
783,Deadwood,South Dakota
784,Waka,Texas
785,Hegins,Pennsylvania
786,Nolanville,Texas
787,Mandeville,Louisiana
788,Colrain,Massachusetts
789,Rosamond,Illinois
790,Walnut,Illinois
791,Point Mugu Nawc,California
792,Hatfield,Indiana
793,Indian Springs,Nevada
794,Gentry,Arkansas
795,Culver,Minnesota
796,Gillett,Wisconsin
797,Lignite,North Dakota
798,Brashear,Texas
799,Condon,Montana
800,Unity,Maine
801,Maryknoll,New York
802,Lake Worth,Florida
803,Fort Defiance,Virginia
804,Racine,West Virginia
805,Palmdale,Florida
806,Culver City,California
807,Roaring Gap,North Carolina
808,Beulah,Colorado
809,Hutchinson,Kansas
810,Wrightsville,Georgia
811,Pine Ridge,Kentucky
812,Cactus,Texas
813,Orange,California
814,Tenstrike,Minnesota
815,Trenton,New Jersey
816,Sunset,Maine
817,Rattan,Oklahoma
818,Charleston,South Carolina
819,Brooklyn,New York
820,Tohatchi,New Mexico
821,Barron,Wisconsin
822,Badin,North Carolina
823,Staten Island,New York
824,Windsor,New York
825,Menlo,Washington
826,Glad Valley,South Dakota
827,Lowesville,Virginia
828,Tokeland,Washington
829,Funk,Nebraska
830,Menfro,Missouri
831,Vaughan,North Carolina
832,Gruver,Iowa
833,East Walpole,Massachusetts
834,Winnsboro,Louisiana
835,Frenchtown,New Jersey
836,Cedar Rapids,Iowa
837,Readyville,Tennessee
838,Oakdale,Illinois
839,Amsden,Ohio
840,Kirby,Ohio
841,Westminster,Vermont
842,Sycamore,Pennsylvania
843,York New Salem,Pennsylvania
844,Chapman,Nebraska
845,Coal Run,Ohio
846,Piedmont,Oklahoma
847,Saint Thomas,Pennsylvania
848,Ashby,Minnesota
849,Mc Intosh,Florida
850,Tacoma,Washington
851,Amissville,Virginia
852,East Orland,Maine
853,Kenosha,Wisconsin
854,Newburgh,Indiana
855,Hubbell,Michigan
856,Fallbrook,California
857,Glasston,North Dakota
858,Garden Prairie,Illinois
859,Oak,Nebraska
860,Kenton,Kentucky
861,Valders,Wisconsin
862,Arkoma,Oklahoma
863,San Jose,California
864,Renton,Washington
865,Scooba,Mississippi
866,Naples,Florida
867,Farmland,Indiana
868,Closter,New Jersey
869,Pemberton,Minnesota
870,Ligonier,Pennsylvania
871,Barnstead,New Hampshire
872,Templeton,Iowa
873,Bigfork,Montana
874,Preston,Minnesota
875,Edgewood,Iowa
876,Corona Del Mar,California
877,Cartwright,North Dakota
878,Olin,Iowa
879,Bergenfield,New Jersey
880,Alden,Kansas
881,Fruithurst,Alabama
882,Finley,North Dakota
883,Ridgeview,West Virginia
884,Storm Lake,Iowa
885,Damascus,Georgia
886,Vega,Texas
887,Start,Louisiana
888,Flat Rock,North Carolina
889,Nyack,New York
890,Grays Knob,Kentucky
891,Pe Ell,Washington
892,Burt,Michigan
893,Cowiche,Washington
894,Lexington,Kentucky
895,Walsenburg,Colorado
896,Round Rock,Arizona
897,Ashville,Alabama
898,Princeton,New Jersey
899,Barwick,Georgia
900,Ridgely,Tennessee
901,Lewis,Colorado
902,Woolstock,Iowa
903,Davenport,Oklahoma
904,Hardyville,Kentucky
905,Richardton,North Dakota
906,Juneau,Wisconsin
907,Coalton,Ohio
908,Morganville,Kansas
909,Saipan ,
910,Howe,Indiana
911,Canoga Park,California
912,Norton,West Virginia
913,Lodgepole,Nebraska
914,Desert Center,California
915,Monument,Kansas
916,Drexel,North Carolina
917,Benicia,California
918,Pensacola,Florida
919,Karlsruhe,North Dakota
920,Port Edwards,Wisconsin
921,Collinsville,Connecticut
922,Sycamore Valley,Ohio
923,New Ross,Indiana
924,Newport News,Virginia
925,Spring Hope,North Carolina
926,Federal Way,Washington
927,Almena,Wisconsin
928,Lemont Furnace,Pennsylvania
929,San Antonio,Texas
930,Monitor,Washington
931,Mission,Texas
932,Wildsville,Louisiana
933,Jacksontown,Ohio
934,Orange Park,Florida
935,Lake Providence,Louisiana
936,Rockford,Illinois
937,Ossining,New York
938,Tallahassee,Florida
939,Ventura,California
940,Harlowton,Montana
941,Danbury,Iowa
942,Manokin,Maryland
943,Van,West Virginia
944,Benavides,Texas
945,Edgar,Wisconsin
946,Orlinda,Tennessee
947,Concord,Kentucky
948,Madisonburg,Pennsylvania
949,Albertville,Alabama
950,Baltimore,Maryland
951,Montpelier,Vermont
952,Rio Vista,California
953,Gladewater,Texas
954,Kenmore,Washington
955,Wolford,Virginia
956,Fountainville,Pennsylvania
957,Sharpsville,Pennsylvania
958,South Montrose,Pennsylvania
959,Lake Geneva,Wisconsin
960,Oolitic,Indiana
961,Mather,Wisconsin
962,Rowley,Iowa
963,Thornton,West Virginia
964,Palisades,Washington
965,Hubert,North Carolina
966,Lafayette,Louisiana
967,Seminole,Florida
968,Fancher,New York
969,Lansford,North Dakota
970,Mongaup Valley,New York
971,Turkey Creek,Kentucky
972,Levittown,Pennsylvania
973,Frenchmans Bayou,Arkansas
974,New Almelo,Kansas
975,Turbeville,Virginia
976,Lazbuddie,Texas
977,Keyapaha,South Dakota
978,Fullerton,Nebraska
979,Hyrum,Utah
980,Richville,Minnesota
981,Crouse,North Carolina
982,South Heights,Pennsylvania
983,Taylorsville,North Carolina
984,Newport,New Hampshire
985,Buttzville,New Jersey
986,Pownal,Maine
987,Tappen,North Dakota
988,Immokalee,Florida
989,Anthon,Iowa
990,Ogunquit,Maine
991,Ontario,New York
992,Emeryville,California
993,Virginia Beach,Virginia
994,Erin,New York
995,Esparto,California
996,Oxford,North Carolina
997,Oglesby,Texas
998,Wingett Run,Ohio
999,Selma,Alabama
1000,Blackburn,Missouri
1001,Corolla,North Carolina
1002,Days Creek,Oregon
1003,Randolph,Wisconsin
1004,Tecumseh,Oklahoma
1005,Okanogan,Washington
1006,Owls Head,Maine
1007,Jenners,Pennsylvania
1008,Waterford,Virginia
1009,Chicago,Illinois
1010,Dallardsville,Texas
1011,South Egremont,Massachusetts
1012,Percy,Illinois
1013,Castanea,Pennsylvania
1014,Rock Falls,Wisconsin
1015,Skidmore,Texas
1016,Midlothian,Virginia
1017,East Brookfield,Massachusetts
1018,Wilson,North Carolina
1019,Pacific Palisades,California
1020,Fairview,Montana
1021,Tempe,Arizona
1022,Good Thunder,Minnesota
1023,Magnolia,Minnesota
1024,Haynes,Arkansas
1025,Denmark,Iowa
1026,Loma Linda,California
1027,Lake Charles,Louisiana
1028,Vernon Hills,Illinois
1029,Laurier,Washington
1030,Longisland,North Carolina
1031,Como,Mississippi
1032,Fort Collins,Colorado
1033,Derby Line,Vermont
1034,San Clemente,California
1035,Gage,Oklahoma
1036,Clearmont,Missouri
1037,Williamsport,Pennsylvania
1038,Kent,Washington
1039,Alexander,Arkansas
1040,Huntington Beach,California
1041,Kimball,Nebraska
1042,Oliver,Georgia
1043,Potter Valley,California
1044,Potsdam,New York
1045,Westfield,Massachusetts
1046,Creston,North Carolina
1047,Mesa Verde National Park,Colorado
1048,Reedsburg,Wisconsin
1049,Mills,Kentucky
1050,Joshua,Texas
1051,Youngsville,New Mexico
1052,Bastrop,Texas
1053,Frazee,Minnesota
1054,Apache Junction,Arizona
1055,Brant Rock,Massachusetts
1056,Hoisington,Kansas
1057,Cantonment,Florida
1058,Lidderdale,Iowa
1059,Grand Junction,Colorado
1060,Dodge Center,Minnesota
1061,Corral,Idaho
1062,Toughkenamon,Pennsylvania
1063,Leslie,Michigan
1064,Spur,Texas
1065,Stirling,New Jersey
1066,Tsaile,Arizona
1067,Marietta,North Carolina
1068,Clover,Virginia
1069,Woodinville,Washington
1070,Russia,Ohio
1071,Oak Creek,Colorado
1072,Newtown,Pennsylvania
1073,Lenoir City,Tennessee
1074,Topanga,California
1075,Cedar Glen,California
1076,Lyndon,Illinois
1077,Tuscaloosa,Alabama
1078,Warba,Minnesota
1079,Normangee,Texas
1080,Nobleton,Florida
1081,Nilwood,Illinois
1082,Vestaburg,Pennsylvania
1083,Brookville,Indiana
1084,Santa Clara,New Mexico
1085,Hanska,Minnesota
1086,Makoti,North Dakota
1087,Lisbon,New York
1088,Casey Creek,Kentucky
1089,Boelus,Nebraska
1090,Garryowen,Montana
1091,Hampshire,Illinois
1092,Amherst,Massachusetts
1093,Irvington,Kentucky
1094,Rochester,New York
1095,Peoria,Illinois
1096,Torrance,California
1097,Clarkfield,Minnesota
1098,Grover,North Carolina
1099,Steinauer,Nebraska
1100,Bena,Virginia
1101,Alpine,California
1102,Easton,Kansas
1103,Isle Of Springs,Maine
1104,Stopover,Kentucky
1105,Offerle,Kansas
1106,Fort George G Meade,Maryland
1107,Knox City,Texas
1108,Great Falls,Montana
1109,West Point,Mississippi
1110,Hartsfield,Georgia
1111,Levels,West Virginia
1112,Wyandanch,New York
1113,Marlborough,New Hampshire
1114,Dows,Iowa
1115,Jasper,Missouri
1116,Avilla,Indiana
1117,Fogelsville,Pennsylvania
1118,Wyola,Montana
1119,Craig,Missouri
1120,South Acworth,New Hampshire
1121,Oakboro,North Carolina
1122,Big Pine,California
1123,Eden,North Carolina
1124,Toxey,Alabama
1125,Lancaster,California
1126,Cawood,Kentucky
1127,Williamson,West Virginia
1128,Winterville,Maine
1129,Princeville,Illinois
1130,Needles,California
1131,Albion,Pennsylvania
1132,Port Chester,New York
1133,Falls Of Rough,Kentucky
1134,Middleburg,Ohio
1135,Old Appleton,Missouri
1136,Howell,New Jersey
1137,Everson,Pennsylvania
1138,Southworth,Washington
1139,Winston Salem,North Carolina
1140,Wanamingo,Minnesota
1141,Sanford,Texas
1142,West Shokan,New York
1143,Tell City,Indiana
1144,Manchester,Iowa
1145,Panora,Iowa
1146,Southbridge,Massachusetts
1147,Edroy,Texas
1148,Frost,Minnesota
1149,Mc Kinney,Texas
1150,Wayside,Texas
1151,Novice,Texas
1152,Accident,Maryland
1153,Rockfield,Indiana
1154,Grand Coteau,Louisiana
1155,Riverton,Connecticut
1156,New Brunswick,New Jersey
1157,Reserve,Montana
1158,Winthrop,Washington
1159,Marshall,North Carolina
1160,Vero Beach,Florida
1161,Oostburg,Wisconsin
1162,Pittsburgh,Pennsylvania
1163,Linn,West Virginia
1164,Reno,Nevada
1165,Wake Forest,North Carolina
1166,Surprise,Arizona
1167,Spicewood,Texas
1168,Janesville,Minnesota
1169,Holland,Kentucky
1170,Greenland,New Hampshire
1171,Rocksprings,Texas
1172,Fort Stewart,Georgia
1173,Eastsound,Washington
1174,Barnum,Iowa
1175,West Monroe,Louisiana
1176,Vienna,Missouri
1177,Mathews,Alabama
1178,Pontiac,Michigan
1179,Thayer,Missouri
1180,Bonaparte,Iowa
1181,Paullina,Iowa
1182,Blair,West Virginia
1183,Newhall,Iowa
1184,Johnson,New York
1185,Telferner,Texas
1186,Scottsburg,Indiana
1187,Alamogordo,New Mexico
1188,Clarksville,New York
1189,Plumville,Pennsylvania
1190,Douglasville,Georgia
1191,Stillwater,Oklahoma
1192,Points,West Virginia
1193,Weikert,Pennsylvania
1194,Fifield,Wisconsin
1195,Altamonte Springs,Florida
1196,Memphis,Tennessee
1197,Nashport,Ohio
1198,Pleasant Grove,Mississippi
1199,Van Nuys,California
1200,Savannah,Tennessee
1201,Hialeah,Florida
1202,Haleiwa,Hawaii
1203,Cartersville,Georgia
1204,Neck City,Missouri
1205,South Pomfret,Vermont
1206,Grady,Arkansas
1207,Fromberg,Montana
1208,Rices Landing,Pennsylvania
1209,Alverton,Pennsylvania
1210,Lakeview,Michigan
1211,Austell,Georgia
1212,Blue Ridge,Virginia
1213,Grand Meadow,Minnesota
1214,Clearfield,Kentucky
1215,Patrick,South Carolina
1216,Las Vegas,Nevada
1217,Bremerton,Washington
1218,South Burlington,Vermont
1219,Earlington,Kentucky
1220,Russian Mission,Alaska
1221,Flower Mound,Texas
1222,Glenfield,North Dakota
1223,Fultondale,Alabama
1224,Yorba Linda,California
1225,Monmouth,Iowa
1226,Naper,Nebraska
1227,Munson,Pennsylvania
1228,White City,Oregon
1229,American Canyon,California
1230,Cumby,Texas
1231,Avera,Georgia
1232,Ely,Minnesota
1233,Loyalhanna,Pennsylvania
1234,Bluff City,Arkansas
1235,Stewartsville,New Jersey
1236,Star,Texas
1237,Harrisville,Mississippi
1238,Warren,Rhode Island
1239,Chapin,Illinois
1240,Clifford,Pennsylvania
1241,Jonesboro,Maine
1242,Vivian,South Dakota
1243,Hondo,Texas
1244,Somonauk,Illinois
1245,Barboursville,West Virginia
1246,Decatur,Texas
1247,Seiad Valley,California
1248,Ann Arbor,Michigan
1249,Talpa,Texas
1250,Moffat,Colorado
1251,West Buxton,Maine
1252,San Pablo,Colorado
1253,Pacific City,Oregon
1254,Corunna,Michigan
1255,Clearwater,Minnesota
1256,Williamsfield,Illinois
1257,Ellington,Connecticut
1258,Whitesburg,Kentucky
1259,Seaman,Ohio
1260,Cedar Point,Illinois
1261,Mercer,Missouri
1262,Weiner,Arkansas
1263,Otter Lake,Michigan
1264,Owen,Wisconsin
1265,Nassau,New York
1266,East Waterford,Pennsylvania
1267,Tippecanoe,Ohio
1268,Walburg,Texas
1269,Sauk Centre,Minnesota
1270,Jennerstown,Pennsylvania
1271,Wolverton,Minnesota
1272,Eldridge,Alabama
1273,Grovertown,Indiana
1274,Prineville,Oregon
1275,Whitney Point,New York
1276,Tyngsboro,Massachusetts
1277,Boyds,Maryland
1278,Odenville,Alabama
1279,Stanhope,Iowa
1280,Saint Ignatius,Montana
1281,Keyesport,Illinois
1282,Bakersville,Ohio
1283,Granville,Tennessee
1284,Saint Martin,Minnesota
1285,Stow,New York
1286,Clarkston,Michigan
1287,Cassadaga,Florida
1288,Rockingham,North Carolina
1289,Grandview,Iowa
1290,New Martinsville,West Virginia
1291,Brownsville,Indiana
1292,Cogan Station,Pennsylvania
1293,Camden,North Carolina
1294,Jamestown,North Carolina
1295,Old Forge,Pennsylvania
1296,East Blue Hill,Maine
1297,Crowville,Louisiana
1298,Genoa,New York
1299,Mcloud,Oklahoma
1300,La Honda,California
1301,Hoboken,New Jersey
1302,Lake Arthur,New Mexico
1303,Hobson,Montana
1304,Medicine Lake,Montana
1305,Logan,Utah
1306,Seaside,Oregon
1307,Fifty Lakes,Minnesota
1308,Albrightsville,Pennsylvania
1309,Fults,Illinois
1310,Burdett,Kansas
1311,Harlem Springs,Ohio
1312,Meridian,Mississippi
1313,Strasburg,Virginia
1314,Grimms Landing,West Virginia
1315,Brunswick,Nebraska
1316,Barnesboro,Pennsylvania
1317,Salters,South Carolina
1318,Stevinson,California
1319,Brigantine,New Jersey
1320,Galveston,Texas
1321,Baconton,Georgia
1322,Whitehouse Station,New Jersey
1323,Beach Haven,Pennsylvania
1324,Lutz,Florida
1325,Stanfield,Arizona
1326,Toledo,Ohio
1327,River Rouge,Michigan
1328,Arrington,Virginia
1329,Kirkland,Texas
1330,Gentryville,Indiana
1331,Goodson,Missouri
1332,Rising Star,Texas
1333,Mullinville,Kansas
1334,Berkshire,New York
1335,Deep Water,West Virginia
1336,Red Cloud,Nebraska
1337,Iliff,Colorado
1338,Adamsville,Rhode Island
1339,Adell,Wisconsin
1340,Silver Grove,Kentucky
1341,Madison Heights,Virginia
1342,Hall,Montana
1343,Pembroke Pines,Florida
1344,Greensboro,North Carolina
1345,Mc Lean,Virginia
1346,Irma,Wisconsin
1347,Draper,South Dakota
1348,Cedar Falls,Iowa
1349,Tula,Mississippi
1350,Birds Landing,California
1351,Cannon Ball,North Dakota
1352,South Milwaukee,Wisconsin
1353,Beattie,Kansas
1354,Wichita,Kansas
1355,Powell,Texas
1356,Bartlesville,Oklahoma
1357,Frakes,Kentucky
1358,Glen Flora,Texas
1359,Seven Valleys,Pennsylvania
1360,Dickens,Texas
1361,Alfred Station,New York
1362,Harborton,Virginia
1363,Camden Point,Missouri
1364,Peyton,Colorado
1365,Ruth,Nevada
1366,Burlingame,California
1367,El Macero,California
1368,New Germany,Minnesota
1369,Bend,Oregon
1370,Dalzell,Illinois
1371,Mountain Center,California
1372,Liberty,Texas
1373,Viburnum,Missouri
1374,Glasco,New York
1375,Kiamesha Lake,New York
1376,Cuero,Texas
1377,Far Rockaway,New York
1378,Koosharem,Utah
1379,Port Monmouth,New Jersey
1380,Jersey City,New Jersey
1381,Elon College,North Carolina
1382,Munds Park,Arizona
1383,Dalton,Nebraska
1384,Harviell,Missouri
1385,Delray Beach,Florida
1386,Auburn,Nebraska
1387,Winnetoon,Nebraska
1388,Boynton Beach,Florida
1389,Hudson,Wisconsin
1390,Buckland,Massachusetts
1391,Brookfield,Vermont
1392,Redwood Estates,California
1393,Copake,New York
1394,Haverhill,Massachusetts
1395,Jim Falls,Wisconsin
1396,Plattsburgh,New York
1397,Bountiful,Utah
1398,Minisink Hills,Pennsylvania
1399,West Lebanon,Pennsylvania
1400,Yukon,Missouri
1401,Douglas,Oklahoma
1402,Readlyn,Iowa
1403,Hopedale,Illinois
1404,High Ridge,Missouri
1405,Willcox,Arizona
1406,West Salem,Illinois
1407,Von Ormy,Texas
1408,Hartfield,Virginia
1409,Clark,Pennsylvania
1410,South Lancaster,Massachusetts
1411,Hoosick Falls,New York
1412,Highlands,Texas
1413,Globe,Arizona
1414,Breezy Point,New York
1415,Columbus,Ohio
1416,Haines,Alaska
1417,Delta,Ohio
1418,Anderson,South Carolina
1419,Grass Lake,Michigan
1420,Lincolnwood,Illinois
1421,Rushsylvania,Ohio
1422,Algonquin,Illinois
1423,Oakpark,Virginia
1424,Mill Creek,Oklahoma
1425,Rolla,Missouri
1426,Ohio,Illinois
1427,Great Neck,New York
1428,Saluda,North Carolina
1429,Woodville,Alabama
1430,Cassville,Georgia
1431,De Kalb,Mississippi
1432,Gainesville,Missouri
1433,Willard,North Carolina
1434,Johnston,South Carolina
1435,Little Valley,New York
1436,Elberton,Georgia
1437,Jefferson City,Missouri
1438,Ryland,Alabama
1439,Elkport,Iowa
1440,Myakka City,Florida
1441,Hope,Kansas
1442,Spring Arbor,Michigan
1443,Gordon,Georgia
1444,Malverne,New York
1445,Rosenhayn,New Jersey
1446,Bathgate,North Dakota
1447,Friesland,Wisconsin
1448,Frankfort,Kentucky
1449,Union Furnace,Ohio
1450,Potosi,Wisconsin
1451,Joanna,South Carolina
1452,Mount Washington,New Hampshire
1453,Ringling,Montana
1454,San Pedro,California
1455,Kellnersville,Wisconsin
1456,Warner Springs,California
1457,Amston,Connecticut
1458,Scotts Valley,California
1459,Verona,Kentucky
1460,Marina,California
1461,Nixon,Texas
1462,Newmarket,New Hampshire
1463,Arthur,Iowa
1464,South Lee,Massachusetts
1465,La Porte,Indiana
1466,Mid Florida,Florida
1467,Tuba City,Arizona
1468,Fayette,Ohio
1469,Samburg,Tennessee
1470,Tutwiler,Mississippi
1471,Linville,Virginia
1472,Roxobel,North Carolina
1473,North Concord,Vermont
1474,Littlerock,California
1475,Redford,Missouri
1476,Salemburg,North Carolina
1477,Lempster,New Hampshire
1478,Amberson,Pennsylvania
1479,Oak Ridge,Missouri
1480,Purcellville,Virginia
1481,Argyle,Minnesota
1482,Gracemont,Oklahoma
1483,Cyril,Oklahoma
1484,Radium Springs,New Mexico
1485,Daly City,California
1486,Granada Hills,California
1487,Tower Hill,Illinois
1488,Georgetown,New York
1489,Bevier,Missouri
1490,Croton On Hudson,New York
1491,Rives,Tennessee
1492,Coleman Falls,Virginia
1493,Ross,Ohio
1494,Andover,Massachusetts
1495,Coaling,Alabama
1496,Mehama,Oregon
1497,Melrose,Ohio
1498,Eugene,Oregon
1499,Milbank,South Dakota
1500,Munday,Texas
1501,Gate,Oklahoma
1502,Whitelaw,Wisconsin
1503,Lagrange,Ohio
1504,Chinle,Arizona
1505,Gilmanton,New Hampshire
1506,Port Matilda,Pennsylvania
1507,Chantilly,Virginia
1508,Jacksonboro,South Carolina
1509,Petersburg,Tennessee
1510,Jonestown,Mississippi
1511,Crestline,California
1512,Fly,Ohio
1513,Joelton,Tennessee
1514,Mc Farland,California
1515,Evarts,Kentucky
1516,Asheville,North Carolina
1517,Twin Bridges,California
1518,Herculaneum,Missouri
1519,Bearcreek,Montana
1520,Ladoga,Indiana
1521,Marathon,Wisconsin
1522,Shacklefords,Virginia
1523,Paulina,Oregon
1524,Lummi Island,Washington
1525,Latour,Missouri
1526,Harrison,Idaho
1527,Morgantown,Indiana
1528,West Valley,New York
1529,Batesville,Virginia
1530,Creighton,Nebraska
1531,Mooers Forks,New York
1532,Spring,Texas
1533,Bronx,New York
1534,Prospect Heights,Illinois
1535,Gideon,Missouri
1536,Auburndale,Wisconsin
1537,Spartanburg,South Carolina
1538,Tipton,Indiana
1539,Gordonville,Missouri
1540,Natchitoches,Louisiana
1541,Palm Harbor,Florida
1542,Browns Valley,Minnesota
1543,Lindon,Colorado
1544,Snydertown,Pennsylvania
1545,Fredericksburg,Pennsylvania
1546,Treichlers,Pennsylvania
1547,Skagway,Alaska
1548,Bensenville,Illinois
1549,Minnesota City,Minnesota
1550,Harpursville,New York
1551,Lakeland,Florida
1552,Bryan,Texas
1553,Anniston,Alabama
1554,Garden City,New York
1555,Big Piney,Wyoming
1556,East Pharsalia,New York
1557,Ossian,Indiana
1558,Townville,South Carolina
1559,Fordyce,Nebraska
1560,Knoxville,Arkansas
1561,Creve Coeur,Illinois
1562,Issaquah,Washington
1563,Bel Air,Maryland
1564,Six Mile,South Carolina
1565,Redondo Beach,California
1566,Washita,Oklahoma
1567,Mineola,Texas
1568,Harford,Pennsylvania
1569,Wapello,Iowa
1570,Rock Valley,Iowa
1571,Cornwall,Pennsylvania
1572,Lawson,Missouri
1573,Louisburg,Kansas
1574,Switchback,West Virginia
1575,Grand Lake Stream,Maine
1576,Turtle Creek,West Virginia
1577,Porter Corners,New York
1578,Russell,Illinois
1579,Covington,Oklahoma
1580,Guerneville,California
1581,Addison,Texas
1582,Vendor,Arkansas
1583,Brohman,Michigan
1584,Broussard,Louisiana
1585,Tyro,Kansas
1586,High Bridge,Wisconsin
1587,Peshastin,Washington
1588,Jayton,Texas
1589,Corbin,Virginia
1590,La Verkin,Utah
1591,Malvern,Ohio
1592,Fair Haven,Vermont
1593,Starkville,Mississippi
1594,Edina,Missouri
1595,Bodega,California
1596,Mokane,Missouri
